Date,Time,Latitude,Longitude,Depth,MD,ML,Mw,Location
2026.09.01,00:08:30,39.9250,39.2878,5.0,,2.5,,AGILOZU-(ERZINCAN) İlksel
2026.09.01,00:10:57,39.9363,39.3125,3.4,,2.4,,YESILYURT-KELKIT (GUMUSHANE) İlksel
2026.09.01,00:13:11,39.2255,28.1547,7.7,,1.1,,MANDIRA-SINDIRGI (BALIKESIR) İlksel
2026.09.01,00:19:08,37.0602,31.0825,11.8,,2.0,,GOKCEPINAR-SERIK (ANTALYA) İlksel
2026.09.01,00:42:14,39.2170,27.9822,8.2,,1.4,,HACET-KIRKAGAC (MANISA) İlksel
2026.09.01,01:45:23,39.1003,28.3930,5.0,,1.4,,KOBAKLAR-GORDES (MANISA) İlksel
2026.09.01,02:32:21,37.4475,33.7112,10.9,,1.7,,SARAYKOY-AYRANCI (KARAMAN) İlksel
2026.09.01,02:57:19,36.4637,28.6598,18.2,,1.6,,AKDENIZ İlksel
2026.09.01,03:11:20,38.7595,36.5562,6.0,,1.8,,YUKARIBURANDERE-PINARBASI (KAYSERI) İlksel
2026.09.01,03:12:34,36.2860,33.9925,1.9,,0.9,,KURTULUS-SILIFKE (MERSIN) İlksel
2026.09.01,03:40:02,37.8062,30.5163,5.0,,1.9,,KAYIKOY-(ISPARTA) İlksel
2026.09.01,04:00:44,37.2375,37.1363,5.5,,2.0,,ESKISARKAYA-SEHITKAMIL (GAZIANTEP) İlksel
2026.09.01,04:09:54,36.9077,27.5952,2.5,,1.3,,GOKOVA KORFEZI (EGE DENIZI) İlksel
2026.09.01,04:59:50,40.1375,42.5092,15.5,,1.5,,UZUNGAZI-SARIKAMIS (KARS) İlksel
2026.09.01,05:29:10,36.6558,29.3525,5.0,,2.2,,KEMER-FETHIYE (MUGLA) İlksel
2026.09.01,06:13:38,39.1012,28.2298,14.8,,1.3,,KINIK-SINDIRGI (BALIKESIR) İlksel
2026.09.01,06:31:33,38.1223,38.4145,18.3,,1.1,,KARAGOL-CELIKHAN (ADIYAMAN) İlksel
2026.09.01,06:44:42,36.9580,28.2762,9.4,,1.0,,CAMLI-MARMARIS (MUGLA) İlksel
2026.09.01,06:52:42,40.3645,27.1078,14.4,,1.1,,ESKIBALIKLI-BIGA (CANAKKALE) İlksel
2026.09.01,06:58:55,39.4282,39.1027,15.8,,1.6,,KOSELER-OVACIK (TUNCELI) İlksel
2026.09.01,08:06:29,40.1977,31.8025,4.2,,2.7,,SARIAGIL-BEYPAZARI (ANKARA) İlksel
2026.09.01,08:18:01,38.7430,36.5273,6.5,,1.6,,YUKARIBURANDERE-PINARBASI (KAYSERI) İlksel
2026.09.01,09:02:25,36.7140,31.8942,2.2,,1.9,,GUZELBAG-ALANYA (ANTALYA) İlksel
2026.09.01,09:18:35,38.1620,32.5588,0.0,,1.0,,MEYDANKOY-SELCUKLU (KONYA) İlksel
2026.09.01,09:50:48,38.6133,39.4677,3.9,,1.7,,ELMAPINARI-(ELAZIG) İlksel
2026.09.01,09:51:34,38.6960,36.5052,25.5,,2.0,,KIRKGECIT-PINARBASI (KAYSERI) İlksel
2026.09.01,10:24:35,35.5658,26.8450,5.7,,2.3,,EGE DENIZI İlksel
2026.09.01,10:33:47,36.9728,34.4008,9.8,,3.0,,YUKSEKOLUK-TOROSLAR (MERSIN) İlksel
2026.09.01,11:04:55,36.4878,24.1377,16.1,,2.4,,YUNANISTAN İlksel
2026.09.01,11:55:52,41.1130,28.9647,0.0,,0.9,,KAGITHANE (ISTANBUL) İlksel
2026.09.01,11:58:09,37.1405,27.9045,0.0,,1.2,,SEKKOY-MILAS (MUGLA) İlksel
2026.09.01,12:04:13,36.2625,33.6862,0.0,,1.5,,ISIKLI-SILIFKE (MERSIN) İlksel
2026.09.01,12:10:27,37.9968,32.7682,10.1,,1.2,,CENGILTI-KARATAY (KONYA) İlksel
2026.09.01,12:18:34,39.2560,28.9472,3.8,,1.7,,KARAKOCA-SIMAV (KUTAHYA) İlksel
2026.09.01,12:22:00,38.1323,37.9317,24.7,,0.9,,KELHALIL-DOGANSEHIR (MALATYA) İlksel
2026.09.01,12:32:06,36.4830,33.9792,9.3,,0.9,,IMAMLI-SILIFKE (MERSIN) İlksel
2026.09.01,12:38:36,39.5775,33.0875,5.0,,1.6,,BALA (ANKARA) İlksel
2026.09.01,12:39:02,40.8478,27.4895,5.0,,1.3,,KUMBAG-(TEKIRDAG) İlksel
2026.09.01,13:09:27,40.1507,27.5437,21.7,,1.2,,CIGMIS-GONEN (BALIKESIR) İlksel
2026.09.01,14:27:01,39.9442,39.6233,5.0,,2.4,,GUNBATUR-KELKIT (GUMUSHANE) İlksel
2026.09.01,14:28:21,40.2268,31.8555,13.9,,2.0,,BASOREN-BEYPAZARI (ANKARA) İlksel
2026.09.01,15:05:51,39.6973,24.2312,20.3,,2.4,,YUNANISTAN İlksel
2026.09.01,15:12:39,38.6623,39.6973,11.0,,2.2,,YOLUSTU-(ELAZIG) İlksel
2026.09.01,15:16:10,36.3925,33.4802,0.0,,1.0,,ARIKUYUSU-GULNAR (MERSIN) İlksel
2026.09.01,15:48:14,36.8363,28.0983,80.6,,2.2,,HISARONU-MARMARIS (MUGLA) İlksel
2026.09.01,16:22:55,40.4317,26.3180,12.3,,1.3,,SAROS KORFEZI (EGE DENIZI) İlksel
2026.09.01,16:35:12,39.0455,36.2057,5.0,,2.3,,GOMURGEN-AKKISLA (KAYSERI) İlksel
2026.09.01,17:17:51,35.9612,35.9297,17.0,,2.2,,DENIZGOREN-YAYLADAGI (HATAY) İlksel
2026.09.01,17:26:04,39.2322,28.9802,11.9,,1.6,,YEMISLI-SIMAV (KUTAHYA) İlksel
2026.09.01,17:27:43,40.8427,28.3287,15.8,,2.2,,MARMARA DENIZI İlksel
2026.09.01,18:07:49,39.2295,28.9517,4.5,,2.0,,YEMISLI-SIMAV (KUTAHYA) İlksel
2026.09.01,18:11:08,40.9863,39.8603,6.5,,2.4,,YALINCAK-(TRABZON) İlksel
2026.09.01,18:33:05,39.0197,36.1810,6.9,,1.6,,AKKISLA (KAYSERI) İlksel
2026.09.01,19:09:53,38.0258,36.4510,3.8,,1.8,,CAGLAYAN-GOKSUN (KAHRAMANMARAS) İlksel
2026.09.01,20:34:48,39.2397,28.1230,10.8,,1.8,,BAYIRLI-SINDIRGI (BALIKESIR) İlksel
2026.09.01,20:51:28,38.6972,26.5500,13.4,,3.5,3.3,IZMIR KORFEZI (EGE DENIZI) İlksel
2026.09.01,20:55:42,38.6952,26.5365,6.6,,1.4,,IZMIR KORFEZI (EGE DENIZI) İlksel
2026.09.01,21:12:37,39.5625,26.0045,9.2,,1.6,,GULPINAR ACIKLARI-CANAKKALE (EGE DENIZI) İlksel
2026.09.01,21:33:24,39.2177,27.9808,11.0,,1.3,,HACET-KIRKAGAC (MANISA) İlksel
2026.09.01,21:35:17,38.2353,37.7467,9.9,,1.8,,CEVIRME-AKCADAG (MALATYA) İlksel
2026.09.01,21:37:27,37.9768,37.4745,4.8,,1.8,,NURHAK (KAHRAMANMARAS) İlksel
2026.09.01,21:38:03,37.2467,30.1360,6.0,,2.0,,TASKESIGI-KORKUTELI (ANTALYA) İlksel
2026.09.01,21:41:06,37.2233,30.1862,5.9,,1.3,,YELTEN-KORKUTELI (ANTALYA) İlksel
2026.09.01,22:41:18,37.7160,36.0537,12.5,,1.8,,TOKMANAKLI-FEKE (ADANA) İlksel
2026.09.01,22:41:48,38.2662,37.7893,5.1,,2.0,,CEVIRME-AKCADAG (MALATYA) İlksel
2026.09.01,22:49:45,39.1700,27.7848,9.8,,2.4,,YAGMURLU-KIRKAGAC (MANISA) İlksel
2026.09.01,23:34:26,35.7125,26.2958,18.5,,1.9,,EGE DENIZI İlksel
2026.09.02,00:41:41,39.5632,25.9680,7.8,,1.7,,GULPINAR ACIKLARI-CANAKKALE (EGE DENIZI) İlksel
2026.09.02,00:44:06,39.2383,29.0077,4.3,,1.8,,YEMISLI-SIMAV (KUTAHYA) İlksel
2026.09.02,00:57:57,37.9800,37.5010,5.0,,1.4,,KULLAR-NURHAK (KAHRAMANMARAS) İlksel
2026.09.02,01:21:08,38.0725,37.8722,10.2,,1.3,,ALTINTOP-DOGANSEHIR (MALATYA) İlksel
2026.09.02,01:51:45,40.7003,30.2978,9.4,,1.0,,UZUNKUM-SAPANCA (SAKARYA) İlksel
2026.09.02,02:15:54,40.5818,23.5760,5.2,,1.9,,YUNANISTAN İlksel
2026.09.02,02:27:38,39.1847,27.9832,9.7,,1.9,,AKKOCALI-AKHISAR (MANISA) İlksel
2026.09.02,02:55:24,36.6125,36.3903,6.6,,1.9,,ALIBEYCAGILI-KIRIKHAN (HATAY) İlksel
2026.09.02,03:02:45,38.0968,37.2905,2.6,,1.5,,OZCANLI-ELBISTAN (KAHRAMANMARAS) İlksel
2026.09.02,03:41:49,39.1912,28.9782,20.8,,1.0,,EGIRLER-SIMAV (KUTAHYA) İlksel
2026.09.02,03:48:53,39.1597,29.4715,11.7,,1.1,,DOGANCILAR-CAVDARHISAR (KUTAHYA) İlksel
2026.09.02,03:55:22,39.2373,28.9797,16.4,,1.9,,YEMISLI-SIMAV (KUTAHYA) İlksel
2026.09.02,03:55:36,39.1835,28.9213,9.2,,1.9,,GUNEY-SIMAV (KUTAHYA) İlksel
2026.09.02,04:04:29,39.8155,27.9228,5.3,,1.8,,HALKAPINAR-(BALIKESIR) İlksel
2026.09.02,04:07:41,39.5682,25.9875,10.8,,2.0,,GULPINAR ACIKLARI-CANAKKALE (EGE DENIZI) İlksel
2026.09.02,04:46:50,38.3492,31.0592,5.4,,1.7,,MISIRLI-YALVAC (ISPARTA) İlksel
2026.09.02,05:04:23,38.9690,30.1800,10.7,,2.1,,BESKARIS-ALTINTAS (KUTAHYA) İlksel
2026.09.02,05:21:02,39.2487,28.9670,5.7,,1.7,,YEMISLI-SIMAV (KUTAHYA) İlksel
2026.09.02,05:43:20,37.1025,27.9043,2.4,,1.6,,BAYIRKOY-MILAS (MUGLA) İlksel
2026.09.02,06:44:34,39.2105,28.9407,17.3,,0.9,,HAMZABEY-SIMAV (KUTAHYA) İlksel
2026.09.02,07:26:37,38.3617,26.8652,9.1,,1.9,,GUZELBAHCE (IZMIR) İlksel
2026.09.02,07:46:29,37.8372,29.5847,2.4,,1.8,,BOZKURT (DENIZLI) İlksel
2026.09.02,08:00:59,35.6253,31.6107,9.3,,2.6,,AKDENIZ İlksel
2026.09.02,08:06:30,39.3160,26.0950,11.8,,2.3,,MIDILLI ADASI (EGE DENIZI) İlksel
2026.09.02,08:37:47,39.2245,28.1227,11.7,,1.7,,BAYIRLI-SINDIRGI (BALIKESIR) İlksel
2026.09.02,08:39:56,39.4298,37.2148,6.7,,2.7,,ESKIKARAHISAR-ULAS (SIVAS) İlksel
2026.09.02,08:56:59,39.3072,26.0697,5.4,,1.5,,MIDILLI ADASI (EGE DENIZI) İlksel
2026.09.02,09:08:27,38.1093,38.8690,18.6,,1.6,,NOHUTLU-PUTURGE (MALATYA) İlksel
2026.09.02,09:15:36,40.3342,23.9223,3.4,,1.9,,YUNANISTAN İlksel
2026.09.02,09:41:11,39.1650,28.1658,9.8,,1.4,,SINANDEDE-SINDIRGI (BALIKESIR) İlksel
2026.09.02,09:43:29,38.6525,26.5472,7.0,,1.6,,IZMIR KORFEZI (EGE DENIZI) İlksel
2026.09.02,09:47:12,39.2097,28.1355,10.0,,1.3,,MANDIRA-SINDIRGI (BALIKESIR) İlksel
2026.09.02,10:04:42,40.4003,24.0225,5.6,,1.2,,YUNANISTAN İlksel
2026.09.02,10:06:36,39.2300,28.9448,10.9,,2.1,,YENILER-SIMAV (KUTAHYA) İlksel
2026.09.02,10:08:26,38.7507,37.4375,15.2,,1.6,,AGACLI-GURUN (SIVAS) İlksel
2026.09.02,10:52:22,38.7827,36.5675,9.2,,1.5,,ESKIYASSIPINAR-PINARBASI (KAYSERI) İlksel
2026.09.02,11:05:25,35.6408,30.2092,22.3,,2.3,,AKDENIZ İlksel
2026.09.02,11:24:35,36.8885,27.9932,65.7,,1.8,,GOKOVA KORFEZI (EGE DENIZI) İlksel
2026.09.02,11:26:53,35.7767,25.9547,26.1,,2.0,,EGE DENIZI İlksel
2026.09.02,11:59:56,36.2018,33.7702,0.0,,1.3,,AKDERE-SILIFKE (MERSIN) İlksel
2026.09.02,12:07:32,41.0488,28.9993,0.0,,0.9,,BESIKTAS (ISTANBUL) İlksel
2026.09.02,12:39:05,34.8555,26.1180,5.5,,3.3,3.2,GIRIT ADASI ACIKLARI (AKDENIZ) İlksel
2026.09.02,12:41:14,39.1863,28.1420,14.2,,3.2,3.0,ORMANICI-SINDIRGI (BALIKESIR) İlksel
2026.09.02,12:44:01,39.2267,28.2167,20.7,,1.4,,PURSUNLER-SINDIRGI (BALIKESIR) İlksel
2026.09.02,12:45:56,39.1897,28.8605,16.5,,1.6,,AKDAG-SIMAV (KUTAHYA) İlksel
2026.09.02,12:47:02,39.1862,28.8463,12.3,,1.3,,AKDAG-SIMAV (KUTAHYA) İlksel
2026.09.02,12:48:27,41.3990,33.6865,4.2,,1.5,,TASLIK-(KASTAMONU) İlksel
2026.09.02,12:58:02,40.1777,32.9477,0.0,,1.9,,SIGIRLIHACI-CUBUK (ANKARA) İlksel
2026.09.02,13:11:40,37.8472,30.7833,5.3,,1.6,,BADEMLI-EGIRDIR (ISPARTA) İlksel
2026.09.02,13:42:03,37.9473,28.8228,5.1,,1.2,,KIZILDERE-BUHARKENT (AYDIN) İlksel
2026.09.02,13:55:33,38.2010,37.7717,17.9,,1.3,,CAVUSLU-DOGANSEHIR (MALATYA) İlksel
2026.09.02,14:49:51,39.1813,28.1688,12.2,,3.4,3.1,SINANDEDE-SINDIRGI (BALIKESIR) İlksel
2026.09.02,15:12:13,39.8280,33.3455,0.0,,1.2,,BEDESTEN-YAHSIHAN (KIRIKKALE) İlksel
2026.09.02,15:42:41,37.9250,36.1697,5.4,,1.9,,EYUPLU-SAIMBEYLI (ADANA) İlksel
2026.09.02,15:43:07,38.0083,36.0608,9.6,,2.1,,SAIMBEYLI (ADANA) İlksel
2026.09.02,16:07:29,38.0255,37.5175,6.6,,2.6,,TATLAR-NURHAK (KAHRAMANMARAS) İlksel
2026.09.02,16:47:52,38.2408,37.7425,6.8,,1.8,,CEVIRME-AKCADAG (MALATYA) İlksel
2026.09.02,17:11:47,39.6125,37.9907,5.5,,1.7,,YUKARICAMURCU-ZARA (SIVAS) İlksel
2026.09.02,17:19:36,38.4038,26.7525,2.8,,2.3,,IZMIR KORFEZI (EGE DENIZI) İlksel
2026.09.02,17:43:26,37.0397,36.6847,4.9,,1.9,,ORTULU-ISLAHIYE (GAZIANTEP) REVIZE01 (2026.09.02 17:43:33)
2026.09.02,17:46:34,40.8890,31.5398,15.7,,1.7,,BEKIRLER-YIGILCA (DUZCE) İlksel
2026.09.02,19:21:36,39.2352,29.0085,11.7,,1.6,,YEMISLI-SIMAV (KUTAHYA) İlksel
2026.09.02,21:02:55,39.0988,33.2292,5.4,,1.7,,AKIN-SEREFLIKOCHISAR (ANKARA) İlksel
2026.09.02,21:08:50,39.4330,26.3408,6.2,,1.9,,EDREMIT KORFEZI (EGE DENIZI) İlksel
2026.09.02,21:37:13,36.5102,28.8510,20.6,,2.5,,AKDENIZ İlksel
2026.09.02,21:38:16,36.5165,28.8533,18.0,,1.8,,AKDENIZ İlksel
2026.09.02,21:39:32,36.5292,28.8540,24.1,,2.1,,FETHIYE KORFEZI (AKDENIZ) İlksel
2026.09.02,21:53:29,36.5157,28.8477,14.5,,2.8,,AKDENIZ İlksel
2026.09.02,22:34:22,35.1913,24.5467,7.5,,2.2,,GIRIT ADASI (AKDENIZ) İlksel
2026.09.02,22:44:40,39.2210,28.0893,10.4,,2.2,,KERTIL-SINDIRGI (BALIKESIR) İlksel
2026.09.02,22:58:21,40.8378,27.7477,8.0,,1.8,,MARMARA DENIZI İlksel
2026.09.02,23:40:53,36.5442,28.8035,13.2,,1.5,,AKDENIZ İlksel
2026.09.02,23:45:52,39.2703,25.8862,15.0,,1.6,,MIDILLI ADASI (EGE DENIZI) İlksel
2026.09.03,00:06:41,37.8477,27.0050,2.4,,1.3,,KUSADASI KORFEZI (EGE DENIZI) İlksel
2026.09.03,00:09:16,38.0602,25.8665,8.2,,2.2,,SAKIZ ADASI (EGE DENIZI) İlksel
2026.09.03,00:15:59,39.9905,39.6718,5.5,,2.0,,DOGANKAVAK-KELKIT (GUMUSHANE) İlksel
2026.09.03,01:01:51,39.7138,26.5752,5.2,,1.1,,ALAKECI-BAYRAMIC (CANAKKALE) İlksel
2026.09.03,01:03:57,39.2465,28.9197,3.8,,2.3,,YENILER-SIMAV (KUTAHYA) İlksel
2026.09.03,01:06:07,38.0010,37.9953,5.7,,1.5,,SURGU-DOGANSEHIR (MALATYA) İlksel
2026.09.03,01:07:28,40.4842,35.8248,7.8,,2.7,,KIZOGLU-(AMASYA) İlksel
2026.09.03,01:09:34,39.4278,26.3237,13.7,,0.9,,EDREMIT KORFEZI (EGE DENIZI) İlksel
2026.09.03,02:20:30,39.1832,26.8107,14.5,,2.4,,BAHCELI-DIKILI (IZMIR) İlksel
2026.09.03,02:28:42,41.4190,43.9605,5.0,,2.9,,GURCISTAN İlksel
2026.09.03,02:42:48,41.3790,43.8493,2.1,,1.7,,GURCISTAN İlksel
2026.09.03,03:02:26,38.0905,36.5733,8.9,,1.6,,YAGMURLU-GOKSUN (KAHRAMANMARAS) İlksel
2026.09.03,03:21:31,38.7755,27.1233,8.3,,1.5,,KARAKUZU-ALIAGA (IZMIR) İlksel
2026.09.03,03:32:52,40.4815,26.2975,2.8,,1.2,,SAROS KORFEZI (EGE DENIZI) İlksel
2026.09.03,03:57:20,41.3337,43.7583,7.0,,1.5,,GURCISTAN İlksel
2026.09.03,04:01:29,39.7053,40.6958,7.1,,1.9,,YUMRUVEREN-ASKALE (ERZURUM) İlksel
2026.09.03,04:01:45,37.9295,29.3532,10.3,,1.3,,KARAPINAR-CAL (DENIZLI) İlksel
2026.09.03,04:16:47,39.2158,28.9347,15.8,,1.1,,HAMZABEY-SIMAV (KUTAHYA) İlksel
2026.09.03,04:25:34,40.4418,26.3155,17.1,,1.2,,SAROS KORFEZI (EGE DENIZI) İlksel
2026.09.03,04:37:29,40.1407,27.3310,16.9,,1.5,,ARABAALAN-BIGA (CANAKKALE) İlksel
2026.09.03,04:47:31,39.3443,39.0852,13.2,,1.7,,YESILYAZI-OVACIK (TUNCELI) İlksel
2026.09.03,04:52:39,37.9638,27.6298,5.2,,1.3,,BOZKOY-GERMENCIK (AYDIN) İlksel
2026.09.03,05:14:22,40.2417,31.6982,16.7,,1.8,,DUDAS-BEYPAZARI (ANKARA) İlksel
2026.09.03,06:15:13,38.1948,36.8820,5.0,,1.7,,ORDEKKOY-AFSIN (KAHRAMANMARAS) İlksel
2026.09.03,06:39:17,39.1672,28.1260,14.4,,1.7,,ORMANICI-SINDIRGI (BALIKESIR) İlksel
2026.09.03,07:02:41,36.0795,27.2550,3.7,,1.8,,EGE DENIZI İlksel
2026.09.03,07:20:22,38.8168,37.3962,3.1,,1.6,,KULAHLI-GURUN (SIVAS) İlksel
2026.09.03,07:40:34,37.9835,29.5345,3.9,,2.0,,BOGAZICI-BAKLAN (DENIZLI) İlksel
2026.09.03,08:07:41,38.0902,37.8677,10.5,,1.3,,DOGANSEHIR (MALATYA) İlksel
2026.09.03,08:12:27,36.0320,28.7813,12.3,,2.1,,AKDENIZ İlksel
2026.09.03,08:23:14,38.0020,37.9613,8.9,,1.6,,SURGU-DOGANSEHIR (MALATYA) İlksel
2026.09.03,08:46:57,41.5125,23.8833,3.5,,2.5,,BULGARISTAN İlksel
2026.09.03,08:54:56,39.2763,28.9748,3.3,,1.3,,YESILDERE-SIMAV (KUTAHYA) İlksel
2026.09.03,08:56:55,39.6758,40.8045,16.4,,1.5,,YAVI-CAT (ERZURUM) İlksel
2026.09.03,10:13:54,36.6390,25.7960,5.0,,1.8,,EGE DENIZI İlksel
2026.09.03,10:33:44,38.3632,38.8870,20.4,,1.4,,KAYABAGLARI-SIVRICE (ELAZIG) İlksel
2026.09.03,10:36:24,36.2178,33.4425,0.0,,1.0,,BEYDILI-GULNAR (MERSIN) İlksel
2026.09.03,11:40:54,39.3243,41.9407,20.0,,2.0,,KARMIS-KARACOBAN (ERZURUM) İlksel
2026.09.03,11:47:50,39.1610,28.2390,1.6,,1.6,,BAYRAKLI-SINDIRGI (BALIKESIR) İlksel
2026.09.03,12:41:19,40.0130,27.0163,4.8,,1.7,,CEKICLER-CAN (CANAKKALE) İlksel
2026.09.03,13:10:03,36.0512,29.8417,38.9,,2.3,,KAS ACIKLARI-ANTALYA (AKDENIZ) İlksel
2026.09.03,13:20:47,38.7867,27.1370,14.8,,3.8,,DUZLEN-(MANISA) İlksel
2026.09.03,13:57:03,37.9628,32.3580,0.0,,2.0,,KUCUKMUHSINE-SELCUKLU (KONYA) İlksel
2026.09.03,14:11:06,36.7385,28.9143,0.0,,1.5,,GOCEK-FETHIYE (MUGLA) İlksel
2026.09.03,15:14:51,38.7798,27.1347,13.4,,3.3,3.3,DUZLEN-(MANISA) İlksel
2026.09.03,15:54:16,39.1885,28.4392,16.1,,1.8,,SAPCI-SINDIRGI (BALIKESIR) İlksel
2026.09.03,16:07:14,35.9017,23.2363,5.0,,2.0,,GIRIT ADASI (AKDENIZ) İlksel
2026.09.03,16:20:38,35.1888,24.5707,5.0,,2.7,,GIRIT ADASI (AKDENIZ) İlksel
2026.09.03,17:55:31,38.3008,36.4425,8.4,,1.9,,YESILKENT-SARIZ (KAYSERI) İlksel
2026.09.03,18:23:28,36.8090,32.2935,9.1,,1.8,,BEDEN-GUNDOGMUS (ANTALYA) İlksel
2026.09.03,18:25:09,36.9905,28.1105,5.3,,1.4,,GOKOVA KORFEZI (EGE DENIZI) İlksel
2026.09.03,19:18:33,38.7870,27.1365,13.6,,2.8,,DUZLEN-(MANISA) İlksel
2026.09.03,19:56:12,39.2547,28.9660,15.3,,1.8,,YEMISLI-SIMAV (KUTAHYA) İlksel
2026.09.03,20:01:36,38.4343,38.7442,5.1,,2.0,,PINARLI-BASKIL (ELAZIG) İlksel
2026.09.03,20:03:00,39.2607,28.9852,5.3,,2.2,,YEMISLI-SIMAV (KUTAHYA) İlksel
2026.09.03,20:08:09,40.2677,33.4215,6.8,,2.7,,CAYKAYA-KALECIK (ANKARA) İlksel
2026.09.03,20:11:04,40.2743,33.3983,5.0,,3.9,3.9,ALTINTAS-KALECIK (ANKARA) İlksel
2026.09.03,20:12:14,40.3057,33.4270,5.0,,3.1,,CAYKAYA-KALECIK (ANKARA) İlksel
2026.09.03,20:12:49,39.8210,39.0150,7.3,,2.1,,KEDEK-KEMAH (ERZINCAN) İlksel
2026.09.03,20:14:42,40.2860,33.4580,11.9,,1.7,,CAYKAYA-KALECIK (ANKARA) İlksel
2026.09.03,20:17:55,40.2858,33.4230,6.5,,2.3,,CAYKAYA-KALECIK (ANKARA) İlksel
2026.09.03,20:27:03,39.3087,29.0457,8.6,,2.1,,YUKARIDOLAYLAR-SIMAV (KUTAHYA) İlksel
2026.09.03,20:34:16,39.2602,28.9240,7.6,,3.2,3.1,KARAKOCA-SIMAV (KUTAHYA) İlksel
2026.09.03,20:37:47,39.3705,39.0958,5.0,,2.0,,KOYUNGOLU-OVACIK (TUNCELI) İlksel
2026.09.03,20:57:37,39.2417,28.9413,11.3,,1.6,,YENILER-SIMAV (KUTAHYA) İlksel
2026.09.03,21:04:24,39.3120,29.0525,8.8,,1.9,,YUKARIDOLAYLAR-SIMAV (KUTAHYA) İlksel
2026.09.03,21:08:07,40.2735,33.4305,8.5,,2.1,,CAYKAYA-KALECIK (ANKARA) İlksel
2026.09.03,21:09:29,39.1797,28.1785,14.4,,2.7,,SINANDEDE-SINDIRGI (BALIKESIR) İlksel
2026.09.03,21:18:21,39.4220,39.1473,17.2,,1.8,,KOSELER-OVACIK (TUNCELI) İlksel
2026.09.03,21:22:05,39.3392,39.0755,5.0,,2.1,,YESILYAZI-OVACIK (TUNCELI) İlksel
2026.09.03,21:53:00,36.9827,28.1832,5.0,,1.0,,KARACA-MARMARIS (MUGLA) İlksel
2026.09.03,21:57:30,39.1263,40.4067,8.8,,2.0,,SANCAK-(BINGOL) İlksel
2026.09.03,22:09:33,37.9190,27.6515,7.1,,1.8,,KIZILCAGEDIK-GERMENCIK (AYDIN) İlksel
2026.09.03,22:13:37,37.9527,38.0777,15.5,,1.3,,KURUCAOVA-DOGANSEHIR (MALATYA) İlksel
2026.09.03,22:29:25,39.1950,28.1145,11.1,,1.9,,KERTIL-SINDIRGI (BALIKESIR) İlksel
2026.09.03,23:02:56,40.3495,25.7737,20.1,,1.4,,KALEKOY-GOKCEADA (CANAKKALE) İlksel
2026.09.03,23:45:50,40.8012,27.7477,7.7,,1.6,,MARMARA DENIZI İlksel
2026.09.03,23:57:51,38.7155,27.8717,6.5,,1.3,,KAYAALTI-GOLMARMARA (MANISA) İlksel
2026.09.04,00:10:12,39.1803,28.1053,12.1,,1.8,,ORMANICI-SINDIRGI (BALIKESIR) İlksel
2026.09.04,00:10:40,39.3533,39.0963,9.5,,1.9,,ADAKOY-OVACIK (TUNCELI) İlksel
2026.09.04,00:25:03,36.0422,35.8843,8.3,,1.7,,SAMANDAG (HATAY) İlksel
2026.09.04,00:38:27,38.2532,38.5972,19.8,,1.3,,PELITLI-(MALATYA) İlksel
2026.09.04,00:41:27,36.6130,36.1570,8.6,,1.4,,ISKENDERUN (HATAY) İlksel
2026.09.04,00:43:01,37.2597,37.1248,5.4,,1.5,,COCELLI-PAZARCIK (KAHRAMANMARAS) İlksel
2026.09.04,01:06:47,37.6867,35.3500,9.9,,1.3,,YETIMLI-ALADAG (ADANA) İlksel
2026.09.04,01:14:50,40.2505,31.7427,5.0,,1.9,,YILDIZ-BEYPAZARI (ANKARA) İlksel
2026.09.04,01:47:48,39.5153,27.6105,7.3,,2.6,,KARAPINAR-SAVASTEPE (BALIKESIR) İlksel
2026.09.04,01:58:09,39.3545,39.0792,5.9,,1.7,,YESILYAZI-OVACIK (TUNCELI) İlksel
2026.09.04,02:11:24,37.7318,37.0985,10.0,,1.2,,KABASAKAL-(KAHRAMANMARAS) İlksel
2026.09.04,02:19:12,38.1697,38.0677,5.2,,1.0,,GOZENE-YESILYURT (MALATYA) İlksel
2026.09.04,02:37:22,38.7843,27.1217,10.6,,2.0,,KARAKUZU-ALIAGA (IZMIR) İlksel
2026.09.04,02:50:36,40.2780,33.4218,7.4,,3.2,3.4,CAYKAYA-KALECIK (ANKARA) İlksel
2026.09.04,03:34:36,40.8033,31.5453,8.7,,2.0,,KIZILAGIL-(BOLU) İlksel
2026.09.04,03:44:24,39.1755,27.7765,5.0,,1.5,,YAGMURLU-KIRKAGAC (MANISA) İlksel
2026.09.04,04:33:01,37.0725,28.6105,6.2,,2.8,,BALCILAR-KOYCEGIZ (MUGLA) İlksel
2026.09.04,04:42:35,39.1792,28.2000,11.6,,1.0,,AKTAS-SINDIRGI (BALIKESIR) İlksel
2026.09.04,04:45:48,39.1148,39.0445,1.3,,1.7,,GOZLUCAYIR-CEMISGEZEK (TUNCELI) İlksel
2026.09.04,05:04:32,39.0882,39.0558,5.0,,2.8,,TEKELI-CEMISGEZEK (TUNCELI) İlksel
2026.09.04,05:10:42,39.0845,39.0397,5.0,,2.9,,TEKELI-CEMISGEZEK (TUNCELI) İlksel
2026.09.04,05:15:13,40.4267,28.4425,18.3,,3.1,2.8,BAYRAMDERE-KARACABEY (BURSA) İlksel
2026.09.04,05:36:04,36.4082,36.4923,14.4,,2.9,,KALETEPE-KUMLU (HATAY) İlksel
2026.09.04,06:23:30,37.1172,28.9548,13.3,,0.9,,OTMANLAR-KOYCEGIZ (MUGLA) İlksel
2026.09.04,06:41:23,34.8555,25.1990,1.9,,2.4,,GIRIT ADASI (AKDENIZ) İlksel
2026.09.04,06:50:42,40.5178,24.2653,9.8,,1.7,,YUNANISTAN İlksel
2026.09.04,08:00:29,38.9167,26.4225,9.0,,1.9,,MIDILLI ADASI GUNEYI (EGE DENIZI) İlksel
2026.09.04,08:52:37,39.1488,28.0973,12.6,,1.5,,ORMANICI-SINDIRGI (BALIKESIR) İlksel
2026.09.04,09:28:23,39.1305,28.1720,14.7,,1.3,,KINIK-SINDIRGI (BALIKESIR) İlksel
2026.09.04,10:29:56,38.4088,36.4118,5.1,,2.0,,OGLAKKAYA-SARIZ (KAYSERI) İlksel
2026.09.04,10:44:09,39.1475,28.1367,10.7,,1.6,,SINANDEDE-SINDIRGI (BALIKESIR) İlksel
2026.09.04,10:55:34,39.0770,39.0873,13.3,,2.2,,KALECIK-HOZAT (TUNCELI) İlksel
2026.09.04,11:38:19,38.0992,38.4963,9.5,,1.8,,KARAKOSE-SINCIK (ADIYAMAN) İlksel
2026.09.04,12:05:36,36.2642,33.7450,0.0,,1.3,,AKDERE-SILIFKE (MERSIN) İlksel
2026.09.04,13:55:22,37.6868,29.1768,5.2,,1.9,,KARATAS-(DENIZLI) İlksel
2026.09.04,14:05:12,39.0842,28.3265,9.0,,1.9,,KOBAKLAR-GORDES (MANISA) İlksel
2026.09.04,14:25:12,39.3933,39.1005,8.9,,2.0,,KOYUNGOLU-OVACIK (TUNCELI) İlksel
2026.09.04,14:33:02,37.0617,28.5032,5.2,,1.5,,KARABOGURTLEN-ULA (MUGLA) İlksel
2026.09.04,15:20:29,38.2437,37.7913,5.3,,1.7,,DEDEYAZI-DOGANSEHIR (MALATYA) İlksel
2026.09.04,15:25:06,39.1838,28.3358,7.8,,1.5,,KUCUKDAGDERE-SINDIRGI (BALIKESIR) İlksel
2026.09.04,15:27:53,39.2365,28.2323,8.8,,1.5,,CALTILI-SINDIRGI (BALIKESIR) İlksel
2026.09.04,15:34:22,38.0288,37.4905,2.6,,1.5,,TATLAR-NURHAK (KAHRAMANMARAS) İlksel
2026.09.04,15:41:25,38.3232,36.4478,5.0,,1.6,,DAYOLUK-SARIZ (KAYSERI) İlksel
2026.09.04,15:48:24,39.1438,28.2208,15.8,,1.2,,BAYRAKLI-SINDIRGI (BALIKESIR) İlksel
2026.09.04,15:58:53,39.1703,28.3400,9.3,,1.2,,KUCUKDAGDERE-SINDIRGI (BALIKESIR) İlksel
2026.09.04,16:05:06,36.9987,28.7840,4.8,,1.8,,YAYLA-KOYCEGIZ (MUGLA) İlksel
2026.09.04,17:08:21,39.1630,28.1450,13.4,,1.7,,SINANDEDE-SINDIRGI (BALIKESIR) İlksel
2026.09.04,17:21:51,35.6110,25.3332,12.3,,2.6,,GIRIT ADASI (AKDENIZ) İlksel
2026.09.04,17:22:43,39.2160,28.1015,7.5,,1.8,,KERTIL-SINDIRGI (BALIKESIR) İlksel
2026.09.04,17:39:04,38.2248,38.1650,12.7,,1.2,,ATALAR-YESILYURT (MALATYA) İlksel
2026.09.04,18:23:16,38.1325,38.4280,14.0,,1.5,,KARAGOL-CELIKHAN (ADIYAMAN) İlksel
2026.09.04,18:38:43,38.7485,36.5195,5.0,,1.9,,YUKARIKARAGOZ-PINARBASI (KAYSERI) İlksel
2026.09.04,18:42:56,38.8378,23.5365,7.2,,2.4,,YUNANISTAN İlksel
2026.09.04,21:49:51,39.9572,28.1458,10.2,,2.1,,BALIKLIDERE-SUSURLUK (BALIKESIR) İlksel
2026.09.04,21:51:08,35.7498,31.0975,25.0,,3.6,3.6,AKDENIZ İlksel
2026.09.04,22:09:45,37.7117,29.2130,10.4,,2.9,,KARATAS-(DENIZLI) İlksel
2026.09.04,22:41:08,37.7122,29.2165,11.3,,2.8,,KARATAS-(DENIZLI) İlksel
2026.09.04,22:51:12,37.7068,29.2163,11.0,,1.2,,KARATAS-(DENIZLI) İlksel
2026.09.04,22:56:48,38.4747,39.2648,5.0,,1.8,,BEKCITEPE-SIVRICE (ELAZIG) İlksel
2026.09.04,23:04:52,37.7043,29.2007,12.7,,1.4,,KARATAS-(DENIZLI) İlksel
2026.09.04,23:06:33,37.7008,29.1957,13.8,,1.4,,KARATAS-(DENIZLI) İlksel
2026.09.04,23:32:23,37.7067,29.2403,13.4,,2.1,,HONAZ (DENIZLI) İlksel
2026.09.04,23:48:04,36.8905,29.0840,8.5,,1.6,,DARIYERI-DALAMAN (MUGLA) İlksel
2026.09.04,23:53:40,39.2347,28.0188,9.6,,2.7,,KIZILGUR-SINDIRGI (BALIKESIR) İlksel
2026.09.05,00:36:36,39.1505,28.3818,8.4,,1.5,,YAYLABAYIR-SINDIRGI (BALIKESIR) İlksel
2026.09.05,00:43:39,39.1638,28.1670,9.4,,1.4,,SINANDEDE-SINDIRGI (BALIKESIR) İlksel
2026.09.05,00:53:28,38.6497,26.7467,12.8,,2.1,,FOCA (IZMIR) İlksel
2026.09.05,01:11:39,37.7038,29.2008,4.4,,1.5,,KARATAS-(DENIZLI) İlksel
2026.09.05,01:13:11,37.7150,29.2238,13.4,,2.2,,KARATEKE-HONAZ (DENIZLI) İlksel
2026.09.05,01:30:38,38.9405,26.1138,5.4,,1.9,,MIDILLI ADASI GUNEYI (EGE DENIZI) İlksel
2026.09.05,01:53:57,38.6448,26.7130,16.0,,1.9,,IZMIR KORFEZI (EGE DENIZI) İlksel
2026.09.05,02:05:51,38.1033,38.4130,17.3,,0.9,,KARAGOL-CELIKHAN (ADIYAMAN) İlksel
2026.09.05,02:13:26,37.7142,29.2067,13.3,,1.2,,KARATAS-(DENIZLI) İlksel
2026.09.05,02:58:34,37.6815,26.8080,10.2,,1.8,,SISAM ADASI (EGE DENIZI) İlksel
2026.09.05,02:59:27,37.9497,37.6812,5.3,,1.6,,KAPIDERE-DOGANSEHIR (MALATYA) İlksel
2026.09.05,03:35:47,38.7063,42.5393,11.9,,1.5,,AHLAT (BITLIS) İlksel
2026.09.05,03:59:04,34.6530,32.4848,20.0,,1.7,,AKDENIZ İlksel
2026.09.05,03:59:59,39.0540,31.1493,5.4,,1.7,,KARAAGAC-EMIRDAG (AFYONKARAHISAR) İlksel
2026.09.05,04:19:46,37.0270,29.0120,17.6,,1.2,,KARACAM-KOYCEGIZ (MUGLA) İlksel
2026.09.05,04:42:48,38.4487,39.2617,6.5,,1.7,,ALINCIK-SIVRICE (ELAZIG) İlksel
2026.09.05,05:07:45,37.7080,29.2153,10.0,,1.5,,KARATAS-(DENIZLI) İlksel
2026.09.05,05:08:40,36.1950,32.4625,21.3,,1.7,,GOCUK-GAZIPASA (ANTALYA) İlksel
2026.09.05,06:27:05,39.5603,28.2290,5.3,,1.4,,AKCAKERTIL-KEPSUT (BALIKESIR) İlksel
2026.09.05,07:15:48,39.2387,28.1592,6.6,,1.8,,SINDIRGI (BALIKESIR) İlksel
2026.09.05,07:52:38,38.2867,38.6122,12.2,,1.9,,PELITLI-(MALATYA) İlksel
2026.09.05,08:43:16,37.7263,29.2137,0.0,,2.5,,KARATEKE-HONAZ (DENIZLI) İlksel
2026.09.05,09:31:26,39.5225,28.2432,11.0,,1.3,,DOGANCAM-BIGADIC (BALIKESIR) İlksel
2026.09.05,09:58:51,38.6940,43.0165,11.9,,1.9,,VAN GOLU İlksel
2026.09.05,10:06:50,37.7122,29.2030,3.6,,1.9,,KARATAS-(DENIZLI) İlksel
2026.09.05,11:25:07,38.0748,32.5883,0.0,,1.5,,SARICALAR-SELCUKLU (KONYA) İlksel
2026.09.05,11:27:55,39.9303,39.6382,6.5,,1.9,,KUSLUK-KELKIT (GUMUSHANE) İlksel
2026.09.05,11:38:14,39.7852,34.1187,5.9,,2.3,,KONURKALE-CICEKDAGI (KIRSEHIR) İlksel
2026.09.05,11:55:54,38.2937,38.1215,2.2,,1.0,,GORGU-YESILYURT (MALATYA) İlksel
2026.09.05,12:05:16,36.2678,33.7493,0.0,,1.4,,AKDERE-SILIFKE (MERSIN) İlksel
2026.09.05,12:12:49,39.8478,26.2473,4.0,,1.2,,BOZALAN-EZINE (CANAKKALE) İlksel
2026.09.05,12:16:39,36.8205,32.3907,12.3,,1.1,,BEYRELI-HADIM (KONYA) İlksel
2026.09.05,12:43:03,40.6463,23.4250,1.2,,2.0,,YUNANISTAN İlksel
2026.09.05,13:19:56,39.0617,26.9993,7.6,,1.6,,SAGANCI-BERGAMA (IZMIR) İlksel
2026.09.05,13:23:19,37.7007,29.1853,3.0,,2.6,,KARATAS-(DENIZLI) İlksel
2026.09.05,13:34:44,35.5987,27.5177,3.1,,2.1,,AKDENIZ İlksel
2026.09.05,13:58:37,36.3893,33.5123,0.0,,1.4,,KAYRAK-GULNAR (MERSIN) İlksel
2026.09.05,14:48:38,36.5178,27.2640,4.7,,2.5,,ONIKI ADALAR (EGE DENIZI) İlksel
2026.09.05,15:25:20,36.8285,32.3438,9.6,,1.7,,BEYRELI-HADIM (KONYA) İlksel
2026.09.05,15:46:38,36.5372,27.1865,1.0,,2.2,,ONIKI ADALAR (EGE DENIZI) İlksel
2026.09.05,15:58:16,35.8110,31.6760,7.0,,2.4,,AKDENIZ İlksel
2026.09.05,16:28:20,39.5092,27.6303,7.3,,1.8,,KARAPINAR-SAVASTEPE (BALIKESIR) İlksel
2026.09.05,18:28:41,37.7215,29.1877,4.9,,1.5,,KARATAS-(DENIZLI) İlksel
2026.09.05,18:55:06,40.3178,29.3740,5.0,,0.9,,PASAYAYLA-YENISEHIR (BURSA) İlksel
2026.09.05,19:11:02,41.0873,28.9593,0.0,,0.8,,KAGITHANE (ISTANBUL) İlksel
2026.09.05,19:16:06,38.0165,37.5308,9.3,,1.6,,TATLAR-NURHAK (KAHRAMANMARAS) İlksel
2026.09.05,20:51:46,40.7128,30.5722,7.5,,2.4,,BEDILTAHIRBEY-AKYAZI (SAKARYA) İlksel
2026.09.05,22:17:08,39.5822,39.6948,4.6,,1.4,,CAGLAYAN-(ERZINCAN) İlksel
2026.09.05,22:21:33,39.5815,23.4753,16.2,,1.3,,YUNANISTAN İlksel
2026.09.05,22:22:44,39.2280,28.0873,8.7,,1.4,,KOZLU-SINDIRGI (BALIKESIR) İlksel
2026.09.05,22:48:02,39.5368,27.6213,12.6,,1.5,,CAVLI-SAVASTEPE (BALIKESIR) İlksel
2026.09.05,23:20:42,40.3488,23.9808,8.0,,2.0,2.2,YUNANISTAN İlksel
2026.09.05,23:40:23,35.1580,25.2245,9.5,,2.8,,GIRIT ADASI (AKDENIZ) İlksel
2026.09.05,23:52:12,39.0038,28.2737,13.8,,1.0,,BOREZ-GORDES (MANISA) İlksel
2026.09.06,01:06:41,38.7333,40.2115,7.4,,1.6,,BURGUDERE-PALU (ELAZIG) İlksel
2026.09.06,01:28:58,38.1350,37.4533,5.1,,1.5,,SUNNETKOY-ELBISTAN (KAHRAMANMARAS) İlksel
2026.09.06,02:12:44,38.2137,37.4413,2.9,,1.8,,OZBEK-ELBISTAN (KAHRAMANMARAS) İlksel
2026.09.06,02:20:11,39.2197,28.0423,9.4,,1.1,,ALAKIR-SINDIRGI (BALIKESIR) İlksel
2026.09.06,02:32:10,37.9980,36.3573,7.8,,1.2,,HUGTAS-GOKSUN (KAHRAMANMARAS) İlksel
2026.09.06,02:50:54,39.1942,27.9760,8.3,,1.3,,AKKOCALI-AKHISAR (MANISA) İlksel
2026.09.06,03:07:33,40.6808,30.5832,10.0,,1.7,,HARMANLI-KARAPURCEK (SAKARYA) İlksel
2026.09.06,03:16:34,38.2515,38.7593,4.4,,1.5,,BALPINARI-PUTURGE (MALATYA) İlksel
2026.09.06,03:29:14,36.2988,28.8817,6.5,,1.3,,AKDENIZ İlksel
2026.09.06,03:29:43,39.2203,28.0397,8.9,,1.1,,ALAKIR-SINDIRGI (BALIKESIR) İlksel
2026.09.06,03:32:50,40.3168,31.7193,16.7,,1.5,,CELTIKDERESI-SEBEN (BOLU) İlksel
2026.09.06,03:55:06,39.3710,39.0877,5.4,,1.5,,ADAKOY-OVACIK (TUNCELI) İlksel
2026.09.06,04:06:44,39.3737,39.1132,4.9,,1.4,,KOYUNGOLU-OVACIK (TUNCELI) İlksel
2026.09.06,04:10:46,38.1155,36.6853,8.7,,1.5,,KARAOMER-GOKSUN (KAHRAMANMARAS) İlksel
2026.09.06,04:30:05,37.9513,29.3503,20.4,,1.3,,BAYIRALAN-CAL (DENIZLI) İlksel
2026.09.06,04:41:18,37.5842,35.5777,5.2,,2.2,,GOKGOZ-KOZAN (ADANA) İlksel
2026.09.06,04:54:19,38.7533,43.4313,8.2,,1.8,,PIRGARIP-(VAN) İlksel
2026.09.06,04:56:35,39.2425,28.0227,13.6,,2.5,,KIZILGUR-SINDIRGI (BALIKESIR) İlksel
2026.09.06,05:00:50,39.2490,28.0262,12.8,,2.0,,KIZILGUR-SINDIRGI (BALIKESIR) İlksel
2026.09.06,05:16:24,41.0412,39.7445,19.1,,1.6,,TRABZON (TRABZON) İlksel
2026.09.06,05:16:45,40.6858,28.3758,13.8,,1.5,,MARMARA DENIZI İlksel
2026.09.06,05:34:27,38.7120,25.5367,5.0,,2.1,,EGE DENIZI İlksel
2026.09.06,06:15:27,38.7768,27.1283,15.6,,2.7,,DUZLEN-(MANISA) İlksel
2026.09.06,06:30:23,37.2645,28.7392,20.5,,1.3,,YORUKOGLU-(MUGLA) İlksel
2026.09.06,06:58:33,38.1730,39.0672,8.0,,1.8,,YAMACKOY-PUTURGE (MALATYA) İlksel
2026.09.06,07:06:13,38.7357,43.3090,5.0,,1.9,,GUVENCLI-(VAN) İlksel
2026.09.06,07:08:20,39.1298,28.2982,9.4,,2.8,,YUREGIL-SINDIRGI (BALIKESIR) İlksel
2026.09.06,07:19:46,38.4647,36.3027,5.4,,1.5,,DEGIRMENTAS-SARIZ (KAYSERI) İlksel
2026.09.06,07:30:50,36.3553,28.7662,18.8,,1.5,,AKDENIZ İlksel
2026.09.06,08:00:22,39.6935,38.8813,4.1,,2.4,,HAKBILIR-KEMAH (ERZINCAN) İlksel
2026.09.06,08:46:50,39.8555,41.8408,10.9,,1.5,,KAYABASI-KOPRUKOY (ERZURUM) İlksel
2026.09.06,09:11:10,36.8448,28.1162,57.2,,1.8,,HISARONU-MARMARIS (MUGLA) İlksel
2026.09.06,10:11:00,38.8308,27.0513,9.0,,1.7,,CORAKLAR-ALIAGA (IZMIR) İlksel
2026.09.06,11:01:24,38.3885,24.3037,21.9,,2.0,,EGE DENIZI İlksel
2026.09.06,11:13:21,39.1382,28.1912,15.0,,1.3,,AKTAS-SINDIRGI (BALIKESIR) İlksel
2026.09.06,11:15:03,40.5082,26.3522,5.1,,0.8,,SAROS KORFEZI (EGE DENIZI) İlksel
2026.09.06,11:16:55,40.6928,29.2250,13.1,,1.0,,YALOVA ACIKLARI (MARMARA DENIZI) İlksel
2026.09.06,11:55:32,38.7533,36.5505,8.4,,1.7,,YUKARIBURANDERE-PINARBASI (KAYSERI) İlksel
2026.09.06,12:03:00,39.2238,28.0862,7.6,,2.4,,KOZLU-SINDIRGI (BALIKESIR) İlksel
2026.09.06,12:21:52,37.2447,30.1575,5.4,,2.1,,YELTEN-KORKUTELI (ANTALYA) İlksel
2026.09.06,12:24:54,38.3833,38.9278,7.8,,1.7,,GELINDERE-SIVRICE (ELAZIG) İlksel
2026.09.06,13:03:46,38.7775,27.1168,12.9,,1.6,,KARAKUZU-ALIAGA (IZMIR) İlksel
2026.09.06,13:08:53,40.4192,34.7405,20.7,,2.3,,HAMDIKOY-(CORUM) İlksel
2026.09.06,13:27:10,39.3578,39.1007,4.2,,2.6,,ADAKOY-OVACIK (TUNCELI) İlksel
2026.09.06,13:37:57,39.1308,28.2907,10.2,,2.3,,YUREGIL-SINDIRGI (BALIKESIR) İlksel
2026.09.06,15:02:01,39.5148,27.6018,5.3,,3.1,3.0,CUKUROBA-IVRINDI (BALIKESIR) İlksel
2026.09.06,15:07:26,38.2037,36.8982,5.0,,2.2,,HUYUKLU-AFSIN (KAHRAMANMARAS) İlksel
2026.09.06,15:19:31,38.0653,35.5160,5.0,,1.5,,SAZAK-YAHYALI (KAYSERI) İlksel
2026.09.06,16:05:15,40.6478,36.7985,5.6,,2.4,,BUZKOY-NIKSAR (TOKAT) İlksel
2026.09.06,16:52:44,39.4232,26.4897,12.9,,1.8,,EDREMIT KORFEZI (EGE DENIZI) İlksel
2026.09.06,16:54:40,39.1875,27.9623,18.8,,1.6,,AKKOCALI-AKHISAR (MANISA) İlksel
2026.09.06,17:40:49,40.4925,29.1945,5.2,,1.7,,SAHINYURDU-GEMLIK (BURSA) İlksel
2026.09.06,18:20:10,40.3120,29.3667,5.2,,1.5,,PASAYAYLA-YENISEHIR (BURSA) İlksel
2026.09.06,18:27:44,40.4345,30.3102,7.0,,1.7,,ALIPLAR-GEYVE (SAKARYA) İlksel
2026.09.06,19:51:41,37.8735,29.2825,24.2,,1.2,,GURLEYIK-HONAZ (DENIZLI) İlksel
2026.09.06,19:52:28,37.8858,29.2485,16.1,,1.3,,IRLIGANLI-(DENIZLI) İlksel
2026.09.06,21:08:32,40.4762,29.2088,8.4,,1.1,,SAHINYURDU-GEMLIK (BURSA) İlksel
2026.09.06,21:18:55,35.0635,23.8510,58.5,,2.2,,GIRIT ADASI (AKDENIZ) İlksel
2026.09.06,21:28:16,39.1532,28.1920,12.8,,1.6,,AKTAS-SINDIRGI (BALIKESIR) İlksel
2026.09.06,22:55:48,38.2667,38.8682,1.6,,1.7,,CENGELLI-PUTURGE (MALATYA) İlksel
2026.09.06,23:33:42,38.3645,37.4300,6.5,,1.7,,YALINTAS-ELBISTAN (KAHRAMANMARAS) İlksel
2026.09.07,00:15:58,39.7058,27.8627,3.6,,1.2,,KAVAKLI-(BALIKESIR) İlksel
2026.09.07,00:34:14,38.7780,36.5565,6.8,,1.9,,YUKARIBURANDERE-PINARBASI (KAYSERI) İlksel
2026.09.07,00:48:50,39.2120,28.0968,9.3,,1.5,,KERTIL-SINDIRGI (BALIKESIR) İlksel
2026.09.07,00:49:07,36.6238,25.5813,8.2,,2.0,,EGE DENIZI İlksel
2026.09.07,00:52:11,38.7600,36.5177,16.0,,1.2,,YUKARIBURANDERE-PINARBASI (KAYSERI) İlksel
2026.09.07,00:59:01,40.1782,31.7027,5.8,,2.5,,SEKLI-BEYPAZARI (ANKARA) İlksel
2026.09.07,01:01:39,38.7812,36.5860,11.5,,1.1,,ESKIYASSIPINAR-PINARBASI (KAYSERI) İlksel
2026.09.07,01:02:26,38.2842,38.2185,5.4,,1.1,,IKIZCE-YESILYURT (MALATYA) İlksel
2026.09.07,01:09:01,36.6298,25.5865,7.0,,1.8,,EGE DENIZI İlksel
2026.09.07,01:11:36,37.9725,36.2697,5.4,,0.9,,KAZANDERE-GOKSUN (KAHRAMANMARAS) İlksel
2026.09.07,01:18:43,39.2377,28.0727,14.1,,1.2,,ALAKIR-SINDIRGI (BALIKESIR) İlksel
2026.09.07,01:30:52,36.9995,35.5328,25.1,,1.2,,HASANBEYLI-SARICAM (ADANA) İlksel
2026.09.07,01:56:14,40.4465,28.7087,5.4,,1.8,,GEMLIK KORFEZI (MARMARA DENIZI) İlksel
2026.09.07,02:06:07,36.1585,28.9895,11.7,,1.7,,AKDENIZ İlksel
2026.09.07,02:13:04,36.6627,29.3557,6.9,,1.7,,SEYDILER-FETHIYE (MUGLA) İlksel
2026.09.07,02:34:50,36.6590,29.3523,5.2,,1.3,,KEMER-FETHIYE (MUGLA) İlksel
2026.09.07,03:03:05,39.1703,28.1668,12.2,,1.1,,SINANDEDE-SINDIRGI (BALIKESIR) İlksel
2026.09.07,03:59:59,39.1822,28.1978,9.9,,1.6,,AKTAS-SINDIRGI (BALIKESIR) İlksel
2026.09.07,04:41:51,36.8907,34.2067,5.0,,1.6,,HACIALANI-ERDEMLI (MERSIN) İlksel
2026.09.07,04:49:44,39.2513,28.1507,6.5,,1.2,,MANDIRA-SINDIRGI (BALIKESIR) İlksel
2026.09.07,05:02:55,37.9647,36.2825,5.0,,1.4,,KAZANDERE-GOKSUN (KAHRAMANMARAS) İlksel
2026.09.07,05:37:52,38.8317,26.8283,12.8,,1.5,,CANDARLI KORFEZI (EGE DENIZI) İlksel
2026.09.07,07:09:54,38.9567,29.8823,5.0,,2.3,,OYSU-ALTINTAS (KUTAHYA) İlksel
2026.09.07,07:18:20,38.3695,28.5120,5.4,,2.3,,ALASEHIR (MANISA) İlksel
2026.09.07,07:23:59,38.1642,37.8933,11.8,,1.8,,POLAT-DOGANSEHIR (MALATYA) İlksel
2026.09.07,07:50:04,38.2370,37.6992,13.5,,1.9,,HARUNUSAGI-AKCADAG (MALATYA) İlksel
2026.09.07,08:47:58,40.8838,31.6435,8.4,,1.6,,YESILCELE-(BOLU) İlksel
2026.09.07,09:41:35,39.1818,28.1107,22.7,,1.8,,ORMANICI-SINDIRGI (BALIKESIR) İlksel
2026.09.07,10:02:41,39.9775,39.8667,25.8,,1.6,,AVCICAYIRI-OTLUKBELI (ERZINCAN) İlksel
2026.09.07,10:32:25,36.6020,29.1635,26.0,,1.5,,OLUDENIZ-FETHIYE (MUGLA) İlksel
2026.09.07,11:25:34,39.1808,28.1930,10.8,,2.0,,AKTAS-SINDIRGI (BALIKESIR) İlksel
2026.09.07,12:43:16,38.3860,37.3482,6.4,,2.0,,INCECIK-ELBISTAN (KAHRAMANMARAS) İlksel
2026.09.07,13:07:36,39.6918,40.7232,8.4,,2.1,,YUMRUVEREN-ASKALE (ERZURUM) İlksel
2026.09.07,14:10:59,39.9942,23.3860,15.3,,2.2,,YUNANISTAN İlksel
2026.09.07,14:44:01,40.1332,32.9877,0.0,,2.1,,AKYURT (ANKARA) İlksel
2026.09.07,16:45:53,38.4088,31.1463,5.2,,2.0,,BAGLARBASI-YALVAC (ISPARTA) İlksel
2026.09.07,18:02:32,38.3498,37.3607,5.2,,1.6,,INCECIK-ELBISTAN (KAHRAMANMARAS) İlksel
2026.09.07,18:20:40,38.6742,40.6463,2.5,,1.4,,CEVIRME-GENC (BINGOL) İlksel
2026.09.07,18:33:06,39.1828,28.1935,7.9,,1.6,,AKTAS-SINDIRGI (BALIKESIR) İlksel
2026.09.07,18:43:47,37.6053,29.0680,2.7,,1.4,,TAVAS (DENIZLI) İlksel
2026.09.07,19:00:40,37.5670,29.5435,14.5,,1.2,,DUDEN-YESILOVA (BURDUR) İlksel
2026.09.07,20:02:54,39.2377,28.1207,5.0,,1.2,,BAYIRLI-SINDIRGI (BALIKESIR) İlksel
2026.09.07,20:17:45,39.7125,40.6640,5.0,,2.0,,TOZLUCA-ASKALE (ERZURUM) İlksel
2026.09.07,21:09:31,38.4273,37.5003,6.0,,2.0,,SUGUL-DARENDE (MALATYA) İlksel
2026.09.07,21:23:15,39.1230,28.3350,7.8,,2.1,,YUREGIL-SINDIRGI (BALIKESIR) İlksel
2026.09.07,21:31:12,39.0065,42.8695,5.0,,2.0,,KUCAK-PATNOS (AGRI) İlksel
2026.09.07,21:49:39,36.1140,27.3080,1.5,,2.4,,ONIKI ADALAR (EGE DENIZI) İlksel
2026.09.07,21:54:05,39.5368,27.6208,13.1,,1.4,,CAVLI-SAVASTEPE (BALIKESIR) İlksel
2026.09.07,22:15:09,39.2627,28.9970,5.4,,1.0,,YESILDERE-SIMAV (KUTAHYA) İlksel
2026.09.07,22:49:54,38.1707,38.5958,13.3,,1.8,,TEKEDERESI-PUTURGE (MALATYA) İlksel
2026.09.07,23:22:07,39.3607,39.0962,21.8,,1.7,,ADAKOY-OVACIK (TUNCELI) İlksel
2026.09.07,23:41:25,39.2627,28.9487,12.0,,2.0,,KARAKOCA-SIMAV (KUTAHYA) İlksel
2026.09.07,23:58:53,34.5017,27.1932,15.7,,3.4,3.7,GIRIT ADASI ACIKLARI (AKDENIZ) İlksel
2026.09.08,00:03:45,34.7400,27.5370,9.1,,2.8,,AKDENIZ İlksel
2026.09.08,01:33:44,37.5598,35.5720,7.4,,2.3,,ENIZCAKIRI-KOZAN (ADANA) İlksel
2026.09.08,01:49:30,36.9127,27.2357,11.7,,1.6,,KOS ADASI (EGE DENIZI) İlksel
2026.09.08,02:23:07,39.3627,39.0943,12.0,,1.5,,ADAKOY-OVACIK (TUNCELI) İlksel
2026.09.08,02:51:17,39.1993,28.1692,14.6,,1.5,,YAYLACIK-SINDIRGI (BALIKESIR) İlksel
2026.09.08,03:08:55,36.0120,27.3297,7.5,,1.8,,EGE DENIZI İlksel
2026.09.08,03:24:32,39.2132,29.0222,10.4,,1.2,,EGIRLER-SIMAV (KUTAHYA) İlksel
2026.09.08,04:32:15,39.1903,28.0800,10.4,,1.0,,KERTIL-SINDIRGI (BALIKESIR) İlksel
2026.09.08,04:43:33,36.9753,29.2973,7.2,,1.4,,SOFULAR-CAMELI (DENIZLI) İlksel
2026.09.08,04:59:09,36.9858,29.2907,5.0,,1.1,,CEVIZLI-CAMELI (DENIZLI) İlksel
2026.09.08,05:10:42,38.8213,29.0888,5.3,,1.5,,KARAKOZAN-SELENDI (MANISA) İlksel
2026.09.08,05:23:37,38.1602,38.3973,15.1,,0.9,,SALKONAK-YESILYURT (MALATYA) İlksel
2026.09.08,05:46:01,39.2797,25.7103,11.8,,2.2,,EGE DENIZI İlksel
2026.09.08,05:55:15,39.2063,28.9775,11.4,,1.0,,EGIRLER-SIMAV (KUTAHYA) İlksel
2026.09.08,06:21:48,40.1535,31.7750,6.5,,2.2,,CANTIRLI-BEYPAZARI (ANKARA) İlksel
2026.09.08,06:23:27,36.3233,35.9450,5.4,,1.5,,AVCILARSUYU-ARSUZ (HATAY) İlksel
2026.09.08,06:29:40,37.7900,30.2932,14.0,,1.4,,SENIR-KECIBORLU (ISPARTA) İlksel
2026.09.08,07:52:15,41.6187,43.5782,6.0,,3.9,,GURCISTAN İlksel
2026.09.08,07:55:35,41.5802,43.5713,6.6,,2.3,,GURCISTAN İlksel
2026.09.08,07:59:31,38.5130,39.3617,5.2,,1.8,,CEVIZDERE-(ELAZIG) İlksel
2026.09.08,08:09:09,41.5987,43.5927,5.1,,2.5,,GURCISTAN İlksel
2026.09.08,08:48:58,38.1233,36.5835,5.0,,2.9,,CAMDERE-GOKSUN (KAHRAMANMARAS) İlksel
2026.09.08,08:52:42,37.9147,26.9333,2.1,,2.3,,KUSADASI KORFEZI (EGE DENIZI) İlksel
2026.09.08,12:51:48,40.0785,43.3933,4.6,,2.1,2.2,KULA-TUZLUCA (IGDIR) İlksel
2026.09.08,14:10:04,40.2507,31.8230,9.6,,2.2,,DOGANYURT-BEYPAZARI (ANKARA) İlksel
2026.09.08,14:29:20,38.4027,37.9743,23.5,,1.3,,MURATLI-AKCADAG (MALATYA) İlksel
2026.09.08,15:00:34,38.3405,36.5263,20.9,,1.2,,ORDEKLI-SARIZ (KAYSERI) İlksel
2026.09.08,15:20:02,39.2322,28.9847,11.2,,2.0,,YEMISLI-SIMAV (KUTAHYA) İlksel
2026.09.08,15:34:47,39.0910,28.3190,20.3,,1.8,,YUREGIL-SINDIRGI (BALIKESIR) İlksel
2026.09.08,17:05:11,39.1455,28.2010,13.8,,1.7,,AKTAS-SINDIRGI (BALIKESIR) İlksel
2026.09.08,17:08:32,37.8467,26.9712,7.9,,2.3,,KUSADASI KORFEZI (EGE DENIZI) İlksel
2026.09.08,17:25:57,39.0042,30.2058,4.3,,1.7,,BESKARIS-ALTINTAS (KUTAHYA) İlksel
2026.09.08,21:11:50,38.2700,38.2437,1.2,,1.3,,GUNDUZBEY-YESILYURT (MALATYA) İlksel
2026.09.08,21:12:38,38.1195,38.2618,4.9,,1.4,,ALTINTAS-CELIKHAN (ADIYAMAN) İlksel
2026.09.08,21:16:42,38.0875,38.3703,5.1,,1.7,,KORUCAK-CELIKHAN (ADIYAMAN) İlksel
2026.09.08,21:41:33,38.3033,26.2793,5.3,,2.0,,CESME (IZMIR) İlksel
2026.09.08,22:10:12,39.2355,28.1220,10.8,,1.3,,BAYIRLI-SINDIRGI (BALIKESIR) İlksel
2026.09.08,22:12:26,39.2300,29.0050,13.3,,0.9,,YEMISLI-SIMAV (KUTAHYA) İlksel
2026.09.08,22:16:28,35.0758,26.0958,7.6,,2.0,,GIRIT ADASI (AKDENIZ) İlksel
2026.09.08,22:19:11,38.2688,27.0977,4.2,,1.5,,AKCAKOY-MENDERES (IZMIR) İlksel
2026.09.08,22:22:01,38.7547,36.5325,10.2,,1.4,,YUKARIBURANDERE-PINARBASI (KAYSERI) İlksel
2026.09.08,22:36:29,39.1375,28.2533,18.0,,1.1,,BAYRAKLI-SINDIRGI (BALIKESIR) İlksel
2026.09.08,22:38:07,38.2845,38.5128,14.2,,1.0,,YAYGIN-(MALATYA) İlksel
2026.09.08,23:10:22,37.2082,31.1208,107.2,,2.5,,YESILVADI-SERIK (ANTALYA) İlksel
2026.09.08,23:46:03,38.7545,36.5393,6.1,,1.7,,YUKARIBURANDERE-PINARBASI (KAYSERI) İlksel
2026.09.08,23:47:58,38.2805,39.1460,5.3,,1.0,,BEHRAMLI-DOGANYOL (MALATYA) İlksel
2026.09.09,00:33:41,38.1072,37.8618,1.6,,1.7,,TOPRAKTEPE-DOGANSEHIR (MALATYA) İlksel
2026.09.09,01:02:16,38.7767,27.1492,8.4,,2.2,,DUZLEN-(MANISA) İlksel
2026.09.09,01:08:51,39.7783,30.7107,5.0,,1.4,,YORUKKARACAOREN-ODUNPAZARI (ESKISEHIR) İlksel
2026.09.09,01:13:59,38.1590,38.5758,5.0,,1.2,,ULUKOY-(MALATYA) İlksel
2026.09.09,01:25:48,39.2130,29.0327,11.4,,1.6,,EGIRLER-SIMAV (KUTAHYA) İlksel
2026.09.09,01:26:21,39.1880,28.9738,16.6,,0.9,,EGIRLER-SIMAV (KUTAHYA) İlksel
2026.09.09,01:28:27,38.7665,27.1337,15.8,,1.3,,DUZLEN-(MANISA) İlksel
2026.09.09,01:39:26,38.7552,27.1165,7.5,,1.7,,KARAKUZU-ALIAGA (IZMIR) İlksel
2026.09.09,02:36:14,39.1772,27.7632,6.0,,1.4,,KUCUKYAYA-KIRKAGAC (MANISA) İlksel
2026.09.09,02:40:21,38.9177,37.6347,7.0,,1.3,,ALVAR-KULUNCAK (MALATYA) İlksel
2026.09.09,02:41:32,36.4925,28.6318,7.9,,2.8,,AKDENIZ İlksel
2026.09.09,03:30:40,39.1118,27.7810,3.9,,2.6,,KARAKURT-KIRKAGAC (MANISA) İlksel
2026.09.09,04:20:25,39.1070,27.7332,7.8,,1.1,,BAKIR-KIRKAGAC (MANISA) İlksel
2026.09.09,04:33:40,36.8993,29.0712,4.4,,1.6,,GURLEYIK-DALAMAN (MUGLA) İlksel
2026.09.09,05:29:46,39.1093,27.7583,4.9,,1.6,,ILYASLAR-KIRKAGAC (MANISA) İlksel
2026.09.09,05:55:28,40.1870,31.7548,11.7,,2.1,,HIRKATEPE-BEYPAZARI (ANKARA) İlksel
2026.09.09,05:57:14,38.7707,27.1395,4.5,,2.0,,DUZLEN-(MANISA) İlksel
2026.09.09,06:18:46,37.5698,35.5607,6.6,,1.9,,KISLAK-ALADAG (ADANA) İlksel
2026.09.09,07:08:07,38.8648,37.7703,6.4,,1.5,,KARACAYIR-KULUNCAK (MALATYA) İlksel
2026.09.09,08:27:52,37.7822,36.0937,8.2,,2.1,,AYVACIK-SAIMBEYLI (ADANA) İlksel
2026.09.09,09:29:46,39.1845,28.1888,17.2,,1.3,,AKTAS-SINDIRGI (BALIKESIR) İlksel
2026.09.09,09:30:06,39.4192,26.7768,9.1,,1.7,,EDREMIT KORFEZI (EGE DENIZI) İlksel
2026.09.09,09:30:47,37.3763,37.1343,4.5,,1.5,,KADINCIK-PAZARCIK (KAHRAMANMARAS) İlksel
2026.09.09,09:57:50,38.0595,27.2872,7.4,,0.9,,GOLOVA-MENDERES (IZMIR) İlksel
2026.09.09,09:59:50,38.3108,26.2917,9.0,,1.9,,CESME (IZMIR) İlksel
2026.09.09,10:18:11,38.3425,37.4432,8.7,,2.1,,BESTEPE-ELBISTAN (KAHRAMANMARAS) İlksel
2026.09.09,11:20:53,37.6093,35.8165,5.1,,1.7,,DUZAGAC-KOZAN (ADANA) İlksel
2026.09.09,11:23:15,40.4690,29.1987,0.0,,1.2,,SAHINYURDU-GEMLIK (BURSA) İlksel
2026.09.09,11:56:20,38.9960,26.0488,8.9,,2.3,,MIDILLI ADASI GUNEYI (EGE DENIZI) İlksel
2026.09.09,12:05:28,36.2577,38.1503,26.1,,1.9,,SURIYE İlksel
2026.09.09,12:12:05,36.4827,28.6285,16.9,,3.0,3.0,AKDENIZ İlksel
2026.09.09,12:13:28,39.3215,33.9813,17.2,,1.2,,DEMIRLI-KAMAN (KIRSEHIR) İlksel
2026.09.09,12:27:48,36.5300,28.6357,24.1,,1.4,,AKDENIZ İlksel
2026.09.09,12:42:13,36.2598,33.6878,0.0,,0.9,,ISIKLI-SILIFKE (MERSIN) İlksel
2026.09.09,12:50:02,36.2583,33.7477,0.0,,1.1,,AKDERE-SILIFKE (MERSIN) İlksel
2026.09.09,12:51:15,39.3547,33.4162,0.0,,1.2,,TEPEKOY-BALA (ANKARA) İlksel
2026.09.09,12:58:08,39.2332,28.1637,9.9,,2.6,,SINDIRGI (BALIKESIR) İlksel
2026.09.09,12:58:26,36.9833,28.2117,13.1,,3.0,,CAMLI-MARMARIS (MUGLA) İlksel
2026.09.09,13:00:16,40.6763,36.5758,11.3,,1.8,,ERBAA (TOKAT) İlksel
2026.09.09,13:35:18,39.1993,28.1830,17.3,,1.3,,YAYLACIK-SINDIRGI (BALIKESIR) İlksel
2026.09.09,14:24:24,40.1157,43.2465,9.9,,2.3,,AKCAY-KAGIZMAN (KARS) İlksel
2026.09.09,15:10:30,39.2777,42.2143,19.5,,2.1,,YAZBASI-BULANIK (MUS) İlksel
2026.09.09,15:18:19,39.5882,27.5687,9.2,,1.8,,EREKLIKOMURCU-IVRINDI (BALIKESIR) İlksel
2026.09.09,15:26:00,38.4688,29.1342,10.6,,1.3,,GUMUSKOL-ULUBEY (USAK) İlksel
2026.09.09,15:38:50,37.3540,37.0538,6.7,,2.8,,ARSLANBEY-PAZARCIK (KAHRAMANMARAS) İlksel
2026.09.09,15:41:15,39.0828,28.2852,17.6,,1.4,,YUREGIL-SINDIRGI (BALIKESIR) İlksel
2026.09.09,16:14:58,37.1872,27.9265,0.0,,2.4,,KAYADERE-MILAS (MUGLA) İlksel
2026.09.09,16:18:19,37.2027,27.9775,0.0,,1.9,,CAMLICA-YATAGAN (MUGLA) İlksel
2026.09.09,16:50:54,35.1940,33.8147,50.1,,2.1,,KIBRIS-TUZLA İlksel
2026.09.09,17:01:19,36.3085,36.2335,5.0,,1.9,,AKCAOVA-(HATAY) İlksel
2026.09.09,17:24:54,39.8435,40.5945,7.4,,1.8,,KUKURTLU-ASKALE (ERZURUM) İlksel
2026.09.09,17:45:15,37.0638,32.2360,5.0,,2.1,,SOGUCAK-BOZKIR (KONYA) İlksel
2026.09.09,18:08:20,40.5555,25.8545,16.8,,1.6,,SAROS KORFEZI (EGE DENIZI) İlksel
2026.09.09,18:18:24,38.4682,37.9750,6.8,,1.6,,ALICERI-AKCADAG (MALATYA) İlksel
2026.09.09,18:59:06,36.9415,29.3198,3.9,,1.6,,GURSU-CAMELI (DENIZLI) İlksel
2026.09.09,19:18:13,38.9563,26.0212,6.8,,1.7,,MIDILLI ADASI GUNEYI (EGE DENIZI) İlksel
2026.09.09,19:39:15,39.2327,28.1762,9.1,,3.5,3.4,SINDIRGI (BALIKESIR) İlksel
2026.09.09,19:40:27,39.8815,41.7840,7.4,,1.6,,UZUNARK-PASINLER (ERZURUM) İlksel
2026.09.09,19:53:48,38.5000,36.1847,5.0,,2.0,,ICADIYE-TOMARZA (KAYSERI) İlksel
2026.09.09,20:19:38,38.3017,37.3208,5.0,,2.2,,GUNDERE-ELBISTAN (KAHRAMANMARAS) İlksel
2026.09.09,20:21:06,38.2983,37.2732,9.9,,1.8,,BUYUKYAPALAK-ELBISTAN (KAHRAMANMARAS) İlksel
2026.09.09,20:42:35,37.1045,30.1280,11.9,,1.7,,DEREKOY-KORKUTELI (ANTALYA) İlksel
2026.09.09,20:50:02,40.5603,25.6825,14.5,,1.9,,EGE DENIZI İlksel
2026.09.09,21:05:16,39.6022,28.1005,5.4,,1.4,,MAHMUDIYE-KEPSUT (BALIKESIR) İlksel
2026.09.09,21:20:20,39.2218,28.1468,11.2,,1.3,,MANDIRA-SINDIRGI (BALIKESIR) İlksel
2026.09.09,21:53:19,39.2290,28.1785,7.6,,0.9,,SINDIRGI (BALIKESIR) İlksel
2026.09.09,21:58:42,39.2453,28.1937,8.2,,1.0,,CAYGOREN-SINDIRGI (BALIKESIR) İlksel
2026.09.09,23:02:18,38.0433,37.5867,5.0,,2.4,,GOVDELI-DOGANSEHIR (MALATYA) İlksel
2026.09.09,23:20:27,39.3772,40.6522,4.1,,2.4,,ELMALI-YEDISU (BINGOL) İlksel
2026.09.09,23:30:27,39.2495,29.0095,12.0,,0.8,,YEMISLI-SIMAV (KUTAHYA) İlksel
2026.09.09,23:39:14,37.8645,36.6622,9.5,,1.9,,DONGEL-(KAHRAMANMARAS) İlksel
2026.09.10,00:03:39,36.3313,26.5478,104.0,,2.8,,EGE DENIZI İlksel
2026.09.10,00:11:22,35.3653,28.5780,17.6,,2.1,,AKDENIZ İlksel
2026.09.10,00:31:16,35.9860,23.3543,6.9,,2.9,,GIRIT ADASI (AKDENIZ) İlksel
2026.09.10,01:17:11,36.9442,27.5165,6.8,,1.4,,GOKOVA KORFEZI (EGE DENIZI) İlksel
2026.09.10,01:20:43,39.2172,28.1090,10.4,,1.2,,KERTIL-SINDIRGI (BALIKESIR) İlksel
2026.09.10,01:23:21,38.7540,36.5592,5.0,,2.5,,YUKARIBURANDERE-PINARBASI (KAYSERI) İlksel
2026.09.10,01:26:59,38.7510,36.5467,4.1,,1.4,,YUKARIBURANDERE-PINARBASI (KAYSERI) İlksel
2026.09.10,01:43:57,39.0720,36.0048,5.0,,1.6,,SARIOGLAN (KAYSERI) İlksel
2026.09.10,02:35:48,38.7867,36.5415,3.3,,2.0,,ASAGIBORANDERE-PINARBASI (KAYSERI) İlksel
2026.09.10,03:20:40,40.2908,29.4842,6.9,,3.0,,SELIMIYE-YENISEHIR (BURSA) İlksel
2026.09.10,03:20:41,40.3062,29.5008,5.5,,3.0,,SELIMIYE-YENISEHIR (BURSA) İlksel
2026.09.10,04:07:10,38.0860,36.7545,6.2,,1.8,,FINDIK-GOKSUN (KAHRAMANMARAS) İlksel
2026.09.10,04:07:49,38.0865,36.7793,5.0,,2.1,,KORKMAZ-GOKSUN (KAHRAMANMARAS) İlksel
2026.09.10,04:28:03,38.5597,26.2518,6.9,,1.4,,KUCUKBAHCE ACIKLARI-IZMIR (EGE DENIZI) İlksel
2026.09.10,05:22:47,39.2712,28.1000,10.8,,1.1,,KUCUKBUKU-SINDIRGI (BALIKESIR) İlksel
2026.09.10,05:30:12,36.5015,28.6485,18.6,,1.6,,AKDENIZ İlksel
2026.09.10,05:36:09,39.6318,26.4570,5.5,,2.7,,TARTISIK-AYVACIK (CANAKKALE) İlksel
2026.09.10,05:42:24,40.4542,35.8665,6.9,,1.4,,KIZOGLU-(AMASYA) İlksel
2026.09.10,06:33:27,40.8230,31.5865,14.5,,2.2,,KOZLU-(BOLU) İlksel
2026.09.10,06:45:22,40.1977,31.6517,13.5,,1.8,,KARAKOY-NALLIHAN (ANKARA) İlksel
2026.09.10,07:41:35,36.4868,28.6345,19.9,,1.3,,AKDENIZ İlksel
2026.09.10,08:46:09,38.3132,37.8687,14.2,,1.1,,HANCERLI-AKCADAG (MALATYA) İlksel
2026.09.10,09:53:20,38.8475,27.0418,11.6,,1.7,,CALTILIDERE-ALIAGA (IZMIR) İlksel
2026.09.10,09:53:32,39.0833,28.1993,5.4,,1.5,,KINIK-SINDIRGI (BALIKESIR) İlksel
2026.09.10,09:57:17,39.3835,28.0172,12.2,,1.2,,CEKIRDEKLI-BIGADIC (BALIKESIR) İlksel
2026.09.10,09:59:18,40.0255,28.7572,5.0,,1.1,,ESKIKIZILELMA-MUSTAFAKEMALPASA (BURSA) İlksel
2026.09.10,10:56:29,35.1262,23.9905,24.1,,2.4,,GIRIT ADASI (AKDENIZ) İlksel
2026.09.10,11:12:07,40.7137,26.6510,5.3,,1.4,,PIRNAR-KESAN (EDIRNE) İlksel
2026.09.10,11:20:41,39.3118,41.0013,11.0,,2.0,,KARLIOVA (BINGOL) İlksel
2026.09.10,11:22:47,39.2007,27.6183,4.2,,1.2,,SOMA (MANISA) İlksel
2026.09.10,11:25:33,39.8900,32.7153,0.0,,1.6,,ETIMESGUT (ANKARA) İlksel
2026.09.10,11:26:49,40.0143,28.7095,11.1,,1.0,,ESKIKIZILELMA-MUSTAFAKEMALPASA (BURSA) İlksel
2026.09.10,11:40:24,38.3412,27.2225,15.1,,1.1,,ZAFER-BUCA (IZMIR) İlksel
2026.09.10,11:40:46,37.7893,38.1932,17.4,,1.5,,KAYAONU-(ADIYAMAN) İlksel
2026.09.10,11:43:47,40.6888,43.1670,5.3,,1.7,,MEZREA-(KARS) İlksel
2026.09.10,11:43:56,40.4912,29.2032,0.0,,1.0,,SAHINYURDU-GEMLIK (BURSA) İlksel
2026.09.10,11:53:38,39.3772,27.7688,20.5,,0.8,,YUKARIKARACAM-SAVASTEPE (BALIKESIR) İlksel
2026.09.10,11:57:50,36.2727,33.7740,0.0,,1.1,,IMAMUSAGI-SILIFKE (MERSIN) İlksel
2026.09.10,12:04:34,38.1542,36.7502,5.0,,1.7,,YAZIKOY-AFSIN (KAHRAMANMARAS) İlksel
2026.09.10,12:25:06,37.6482,30.4027,12.6,,1.5,,TASKAPI-(BURDUR) İlksel
2026.09.10,12:37:09,36.4518,34.0167,0.0,,0.9,,OZTURKMENLI-SILIFKE (MERSIN) İlksel
2026.09.10,12:52:13,37.9670,27.1873,4.3,,1.1,,KUSADASI KORFEZI (EGE DENIZI) İlksel
2026.09.10,12:56:17,37.7138,29.3015,13.6,,1.4,,MENTESE-HONAZ (DENIZLI) İlksel
2026.09.10,13:09:05,41.1152,28.8572,0.0,,1.2,,SULTANGAZI (ISTANBUL) İlksel
2026.09.10,13:33:48,36.9575,38.1945,3.4,,1.7,,FISTIKLI-SURUC (SANLIURFA) İlksel
2026.09.10,13:34:10,36.3682,33.5247,0.0,,1.5,,KAYRAK-GULNAR (MERSIN) İlksel
2026.09.10,13:53:34,40.6820,29.2340,11.5,,2.5,,YALOVA ACIKLARI (MARMARA DENIZI) İlksel
2026.09.10,13:59:56,38.1860,37.8182,4.0,,1.5,,POLAT-DOGANSEHIR (MALATYA) İlksel
2026.09.10,14:52:30,37.5672,35.5647,5.3,,1.9,,ENIZCAKIRI-KOZAN (ADANA) İlksel
2026.09.10,15:04:21,37.3372,37.0630,9.1,,1.7,,EMIROGLU-PAZARCIK (KAHRAMANMARAS) İlksel
2026.09.10,16:59:49,37.3988,35.9787,11.9,,1.9,,KIZILOMERLI-SUMBAS (OSMANIYE) İlksel
2026.09.10,17:08:49,38.1237,38.3523,7.5,,1.5,,SALKONAK-YESILYURT (MALATYA) İlksel
2026.09.10,17:47:48,37.1483,27.8843,24.1,,1.1,,BAGDAMLARI-MILAS (MUGLA) İlksel
2026.09.10,17:55:38,41.0990,28.9493,4.4,,0.9,,KAGITHANE (ISTANBUL) İlksel
2026.09.10,18:12:16,40.1832,31.6438,5.0,,2.3,,KARAKOY-NALLIHAN (ANKARA) İlksel
2026.09.10,18:33:55,39.0740,37.8180,12.6,,1.5,,KARAPINAR-HEKIMHAN (MALATYA) İlksel
2026.09.10,18:49:34,41.2078,28.7420,6.4,,1.1,,ARNAVUTKOY (ISTANBUL) İlksel
2026.09.10,18:53:01,38.5570,39.8022,10.6,,2.1,,KAYAONU-PALU (ELAZIG) İlksel
2026.09.10,19:25:56,38.6015,40.4643,5.0,,1.4,,ECEMIS-LICE (DIYARBAKIR) İlksel
2026.09.10,19:27:42,38.0417,37.6068,5.0,,2.3,,GOVDELI-DOGANSEHIR (MALATYA) İlksel
2026.09.10,19:54:22,39.2157,28.1703,11.1,,1.0,,YAYLACIK-SINDIRGI (BALIKESIR) İlksel
2026.09.10,19:57:51,38.7898,37.4008,13.3,,1.9,,YUVA-GURUN (SIVAS) İlksel
2026.09.10,19:58:28,38.0557,37.5658,5.0,,1.3,,GOVDELI-DOGANSEHIR (MALATYA) İlksel
2026.09.10,20:09:25,38.2507,38.0467,7.4,,1.2,,CUMHURIYET-YESILYURT (MALATYA) İlksel
2026.09.10,20:16:21,39.4913,26.3560,13.7,,1.5,,BEHRAM-AYVACIK (CANAKKALE) İlksel
2026.09.10,21:19:01,38.5405,39.4930,6.7,,1.3,,KUCUKOVA-MADEN (ELAZIG) İlksel
2026.09.10,21:55:43,39.4865,26.3960,4.5,,1.7,,EDREMIT KORFEZI (EGE DENIZI) İlksel
2026.09.10,21:57:42,39.5005,26.3357,4.8,,1.4,,BEHRAM-AYVACIK (CANAKKALE) İlksel
2026.09.10,22:47:36,38.2317,38.6683,14.0,,1.1,,KOKPINAR-PUTURGE (MALATYA) İlksel
2026.09.10,23:04:16,38.1535,31.4510,23.5,,1.0,,CARIKSARAYLAR-SARKIKARAAGAC (ISPARTA) İlksel
2026.09.10,23:13:08,39.1395,28.2497,10.6,,1.1,,BAYRAKLI-SINDIRGI (BALIKESIR) İlksel
2026.09.10,23:21:18,38.4458,38.7893,5.1,,1.2,,HABIPUSAGI-BASKIL (ELAZIG) İlksel
2026.09.10,23:30:54,39.0740,28.6492,5.4,,0.9,,AKDERE-DEMIRCI (MANISA) İlksel
2026.09.10,23:37:45,36.8692,29.1040,5.0,,1.3,,DARIYERI-DALAMAN (MUGLA) İlksel
2026.09.10,23:46:57,38.9448,42.0173,8.9,,1.8,,YOKUSBASI-BULANIK (MUS) İlksel
2026.09.11,00:48:08,35.5437,26.1658,14.2,,2.9,,GIRIT ADASI (AKDENIZ) İlksel
2026.09.11,01:11:31,39.2023,29.1695,5.0,,1.2,,YENIPINAR-HISARCIK (KUTAHYA) İlksel
2026.09.11,01:29:29,40.4028,26.1697,19.4,,1.3,,SAROS KORFEZI (EGE DENIZI) İlksel
2026.09.11,01:30:53,35.9465,31.1682,9.4,,2.7,,AKDENIZ İlksel
2026.09.11,02:02:52,38.0732,37.7750,5.2,,1.5,,SOGUT-DOGANSEHIR (MALATYA) İlksel
2026.09.11,02:06:18,38.0613,37.6193,7.2,,1.3,,GOVDELI-DOGANSEHIR (MALATYA) İlksel
2026.09.11,03:00:58,38.3142,36.5350,14.5,,1.3,,DAYOLUK-SARIZ (KAYSERI) İlksel
2026.09.11,03:04:24,38.1950,38.0753,6.2,,2.3,,OLUKLU-YESILYURT (MALATYA) İlksel
2026.09.11,03:09:54,38.3428,27.8402,5.3,,1.4,,KARAKOY-TURGUTLU (MANISA) İlksel
2026.09.11,03:14:09,36.6025,28.1018,78.2,,3.1,3.0,TASLICA-MARMARIS (MUGLA) İlksel
2026.09.11,03:30:50,40.3948,26.8620,19.8,,0.9,,SEVKETIYE-LAPSEKI (CANAKKALE) İlksel
2026.09.11,03:48:09,41.9602,33.7027,5.0,,1.7,,YUKARIKOY-INEBOLU (KASTAMONU) İlksel
2026.09.11,04:00:42,39.1955,29.1678,11.9,,1.1,,KURTDERE-HISARCIK (KUTAHYA) İlksel
2026.09.11,04:04:09,39.1990,28.0545,9.9,,1.0,,SAHINKAYA-SINDIRGI (BALIKESIR) İlksel
2026.09.11,04:19:56,38.0058,32.4803,5.0,,1.6,,SIZMA-SELCUKLU (KONYA) İlksel
2026.09.11,04:26:51,39.3118,28.0733,1.5,,1.9,,CAKILLI-SINDIRGI (BALIKESIR) İlksel
2026.09.11,05:01:12,38.0065,38.1650,6.4,,1.4,,PINARBASI-CELIKHAN (ADIYAMAN) İlksel
2026.09.11,05:59:16,38.8023,33.1282,5.0,,1.8,,SAGLIK-CIHANBEYLI (KONYA) İlksel
2026.09.11,06:09:16,40.7685,29.0972,8.0,,1.3,,CINARCIK ACIKLARI-YALOVA (MARMARA DENIZI) İlksel
2026.09.11,06:24:43,39.9015,39.0340,5.7,,1.9,,YENIKOY-REFAHIYE (ERZINCAN) İlksel
2026.09.11,07:29:25,39.2025,28.1257,14.7,,1.4,,ORMANICI-SINDIRGI (BALIKESIR) İlksel
2026.09.11,07:52:17,36.6393,25.7898,4.4,,2.0,,EGE DENIZI İlksel
2026.09.11,08:01:35,40.2885,29.2477,11.4,,1.4,,DISKAYA-GURSU (BURSA) İlksel
2026.09.11,08:23:07,39.2678,28.9640,13.9,,0.8,,KARAKOCA-SIMAV (KUTAHYA) İlksel
2026.09.11,08:31:51,39.6273,26.4608,6.9,,2.5,,TARTISIK-AYVACIK (CANAKKALE) İlksel
2026.09.11,08:35:33,40.7807,31.5282,5.3,,1.6,,KIZILAGIL-(BOLU) İlksel
2026.09.11,09:02:14,40.5157,41.8650,21.4,,2.1,,BALLICA-OLTU (ERZURUM) İlksel
2026.09.11,09:07:20,40.4727,26.8522,9.3,,1.0,,MARMARA DENIZI İlksel
2026.09.11,09:48:17,39.9082,25.5287,8.9,,2.0,,EGE DENIZI İlksel
2026.09.11,10:10:21,36.3247,33.5067,0.0,,1.0,,KAVAKOLUGU-GULNAR (MERSIN) İlksel
2026.09.11,10:46:58,38.9840,42.8538,5.0,,2.3,,KUCAK-PATNOS (AGRI) İlksel
2026.09.11,10:48:57,38.7552,36.5325,5.0,,3.0,3.1,YUKARIBURANDERE-PINARBASI (KAYSERI) İlksel
2026.09.11,11:13:12,36.5853,36.4413,9.4,,1.9,,CAMSARI-KIRIKHAN (HATAY) İlksel
2026.09.11,11:18:42,37.9498,28.7660,14.9,,1.4,,SAVCILI-BUHARKENT (AYDIN) İlksel
2026.09.11,11:34:45,40.7638,31.5322,15.8,,1.6,,KIZILAGIL-(BOLU) İlksel
2026.09.11,11:49:46,37.4005,30.9542,5.3,,2.1,,GUMU-SUTCULER (ISPARTA) İlksel
2026.09.11,11:52:00,38.7710,36.5167,5.0,,1.5,,ASAGIBORANDERE-PINARBASI (KAYSERI) İlksel
2026.09.11,12:12:11,36.2627,33.7437,0.0,,1.1,,AKDERE-SILIFKE (MERSIN) İlksel
2026.09.11,12:12:41,38.7577,36.5327,10.1,,1.9,,YUKARIBURANDERE-PINARBASI (KAYSERI) İlksel
2026.09.11,12:40:31,38.7785,36.5018,7.9,,1.6,,ASAGIBORANDERE-PINARBASI (KAYSERI) İlksel
2026.09.11,12:43:50,37.8702,36.6695,5.3,,2.6,,DONGEL-(KAHRAMANMARAS) İlksel
2026.09.11,12:47:16,38.7665,36.5812,7.5,,1.7,,ESKIYASSIPINAR-PINARBASI (KAYSERI) İlksel
2026.09.11,12:47:21,36.6983,27.9872,71.8,,2.6,,BOZBURUN-MARMARIS (MUGLA) İlksel
2026.09.11,12:49:30,39.8022,27.8497,5.0,,1.1,,SAMLI-(BALIKESIR) İlksel
2026.09.11,13:07:36,38.4368,38.9863,5.0,,2.5,,YARUSAGI-SIVRICE (ELAZIG) İlksel
2026.09.11,13:12:46,38.4130,27.3137,4.7,,1.4,,KAVAKLIDERE-BORNOVA (IZMIR) İlksel
2026.09.11,13:37:50,36.1927,31.2378,6.7,,2.1,,AKDENIZ İlksel
2026.09.11,13:45:40,37.8757,36.7260,2.0,,2.9,,KOZCAGIZ-(KAHRAMANMARAS) İlksel
2026.09.11,14:07:39,38.0117,37.7943,5.1,,1.7,,KADILI-DOGANSEHIR (MALATYA) İlksel
2026.09.11,14:49:54,37.5965,37.2933,6.3,,2.3,,BUYUKNACAR-PAZARCIK (KAHRAMANMARAS) İlksel
2026.09.11,14:53:36,38.1300,28.1853,1.4,,1.5,,YESILKOY-ODEMIS (IZMIR) İlksel
2026.09.11,15:19:30,38.3707,39.0008,16.8,,1.4,,CANUSAGI-SIVRICE (ELAZIG) İlksel
2026.09.11,15:34:32,36.6248,25.7313,2.6,,1.7,,EGE DENIZI İlksel
2026.09.11,15:50:51,39.6292,27.8818,9.7,,1.4,,BALIKESIR İlksel
2026.09.11,16:02:48,39.2020,28.1678,9.9,,1.5,,YAYLACIK-SINDIRGI (BALIKESIR) İlksel
2026.09.11,16:51:13,37.7187,36.0540,5.0,,2.2,,TOKMANAKLI-FEKE (ADANA) İlksel
2026.09.11,17:52:40,39.2347,28.1077,7.6,,1.2,,BAYIRLI-SINDIRGI (BALIKESIR) İlksel
2026.09.11,18:03:53,36.9275,29.3088,3.7,,0.9,,GURSU-CAMELI (DENIZLI) İlksel
2026.09.11,19:11:26,39.1440,27.9058,11.3,,1.3,,YAYKIN-AKHISAR (MANISA) İlksel
2026.09.11,19:21:35,39.7048,33.5038,5.0,,1.5,,CANKURTARAN-KESKIN (KIRIKKALE) İlksel
2026.09.11,19:23:26,37.5863,35.5605,4.7,,1.2,,KISLAK-ALADAG (ADANA) İlksel
2026.09.11,20:16:21,38.8115,26.8652,9.0,,1.3,,CANDARLI KORFEZI (EGE DENIZI) İlksel
2026.09.11,21:05:31,38.5655,41.6340,5.0,,1.9,,AKCAAGAC-MUTKI (BITLIS) İlksel
2026.09.11,21:50:59,38.1112,38.2022,6.9,,1.4,,CAMPINAR-CELIKHAN (ADIYAMAN) İlksel
2026.09.11,22:02:53,37.2167,28.7627,11.0,,2.0,,KARACAOREN-(MUGLA) İlksel
2026.09.11,22:33:00,38.2783,38.6640,13.5,,1.4,,ALHANUSAGI-(MALATYA) İlksel
2026.09.11,22:59:09,34.8723,24.4887,5.0,,1.8,,GIRIT ADASI ACIKLARI (AKDENIZ) İlksel
2026.09.11,23:02:48,36.2798,27.6453,17.2,,1.9,,EGE DENIZI İlksel
2026.09.11,23:24:22,38.4300,37.5222,5.3,,2.0,,SUGUL-DARENDE (MALATYA) İlksel
2026.09.11,23:52:51,40.7165,25.2002,5.0,,1.4,,EGE DENIZI İlksel
2026.09.12,00:04:29,39.3460,37.9438,6.5,,2.4,,KARAAGACLI-DIVRIGI (SIVAS) İlksel
2026.09.12,00:19:00,40.5253,36.5712,11.9,,1.3,,GOLCUK-(TOKAT) İlksel
2026.09.12,01:28:34,39.3752,37.9643,6.1,,1.5,,KARAAGACLI-DIVRIGI (SIVAS) İlksel
2026.09.12,02:32:26,34.1868,33.7092,19.1,,2.6,,KIBRIS ACIKLARI-GUNEY--(AKDENIZ) İlksel
2026.09.12,02:33:54,36.2268,29.7007,21.9,,1.6,,AGULLU-KAS (ANTALYA) İlksel
2026.09.12,02:47:26,37.8647,29.4082,9.7,,0.9,,YOKUSBASI-HONAZ (DENIZLI) İlksel
2026.09.12,03:02:20,38.2927,38.7815,5.0,,1.8,,KARSIYAKA-PUTURGE (MALATYA) İlksel
2026.09.12,03:10:16,35.2137,24.4108,24.2,,2.5,,GIRIT ADASI (AKDENIZ) İlksel
2026.09.12,03:31:08,38.8007,27.8363,11.6,,1.5,,SAZOBA-AKHISAR (MANISA) İlksel
2026.09.12,04:02:04,39.3100,25.6635,13.4,,1.5,,EGE DENIZI İlksel
2026.09.12,04:05:36,39.3590,25.6333,12.7,,2.3,,EGE DENIZI İlksel
2026.09.12,04:07:21,39.1625,28.1197,10.1,,1.5,,ORMANICI-SINDIRGI (BALIKESIR) İlksel
2026.09.12,04:58:08,39.2267,28.0948,9.0,,1.5,,KOZLU-SINDIRGI (BALIKESIR) İlksel
2026.09.12,05:13:12,39.1908,28.1225,8.5,,1.6,,ORMANICI-SINDIRGI (BALIKESIR) İlksel
2026.09.12,05:31:07,36.6523,25.7238,11.6,,2.5,,EGE DENIZI İlksel
2026.09.12,07:03:07,39.1697,28.0942,9.9,,1.9,,ORMANICI-SINDIRGI (BALIKESIR) İlksel
2026.09.12,07:07:05,39.2395,28.9583,11.4,,1.5,,YEMISLI-SIMAV (KUTAHYA) İlksel
2026.09.12,07:12:24,38.0050,37.5897,4.3,,1.9,,GOVDELI-DOGANSEHIR (MALATYA) İlksel
2026.09.12,07:52:44,37.3032,37.0075,10.7,,1.7,,CENNETPINARI-PAZARCIK (KAHRAMANMARAS) İlksel
2026.09.12,08:04:19,36.9902,29.3040,5.0,,1.4,,SOFULAR-CAMELI (DENIZLI) İlksel
2026.09.12,08:49:33,37.0713,29.0995,14.4,,1.3,,YOLCATI-ACIPAYAM (DENIZLI) İlksel
2026.09.12,09:09:56,36.4995,26.7268,69.0,,2.3,,EGE DENIZI İlksel
2026.09.12,09:12:22,36.6442,36.3685,6.7,,2.3,,TASOLUK-KIRIKHAN (HATAY) İlksel
2026.09.12,10:29:34,35.9335,26.3098,109.1,,2.2,,EGE DENIZI İlksel
2026.09.12,11:24:13,36.6457,33.1535,5.0,,1.0,,YALNIZCABAG-MUT (MERSIN) İlksel
2026.09.12,11:36:01,39.8310,28.6802,5.4,,1.6,,ALACAAT-MUSTAFAKEMALPASA (BURSA) İlksel
2026.09.12,11:36:12,34.5257,25.1603,11.6,,2.5,,GIRIT ADASI ACIKLARI (AKDENIZ) İlksel
2026.09.12,11:51:07,37.1155,27.8903,0.0,,1.5,,SEKKOY-MILAS (MUGLA) İlksel
2026.09.12,12:01:27,36.2655,33.7405,0.0,,0.9,,AKDERE-SILIFKE (MERSIN) İlksel
2026.09.12,12:11:32,35.5848,24.3910,3.6,,2.1,,GIRIT ADASI (AKDENIZ) İlksel
2026.09.12,12:14:39,39.0037,28.2575,15.5,,1.3,,BOREZ-GORDES (MANISA) İlksel
2026.09.12,12:20:09,39.7372,26.2507,0.0,,1.2,,KOCALI-EZINE (CANAKKALE) İlksel
2026.09.12,12:23:54,38.0568,27.5252,3.7,,1.3,,HASANCAVUSLAR-TIRE (IZMIR) İlksel
2026.09.12,12:43:00,38.3093,27.1810,5.0,,1.5,,KISIK-MENDERES (IZMIR) İlksel
2026.09.12,12:45:41,39.2488,28.9930,10.4,,2.0,,YEMISLI-SIMAV (KUTAHYA) İlksel
2026.09.12,12:49:48,39.2587,28.9653,15.9,,1.7,,KARAKOCA-SIMAV (KUTAHYA) İlksel
2026.09.12,12:55:38,39.1908,28.3992,7.8,,1.8,,CIKRIKCI-SINDIRGI (BALIKESIR) İlksel
2026.09.12,13:01:14,38.6178,40.4552,3.9,,1.8,,ECEMIS-LICE (DIYARBAKIR) İlksel
2026.09.12,13:05:11,36.0895,31.5698,20.1,,1.8,,AKDENIZ İlksel
2026.09.12,13:57:06,36.6948,26.0477,4.0,,1.5,,EGE DENIZI İlksel
2026.09.12,13:58:21,39.5988,38.5483,11.9,,2.2,,BOZYAYLA-ILIC (ERZINCAN) İlksel
2026.09.12,14:27:46,40.1617,32.9690,9.1,,2.2,,SIGIRLIHACI-CUBUK (ANKARA) İlksel
2026.09.12,15:09:22,39.2427,28.1565,13.5,,1.1,,SINDIRGI (BALIKESIR) İlksel
2026.09.12,15:13:24,40.7807,31.6008,15.3,,1.6,,FASIL-(BOLU) İlksel
2026.09.12,15:21:00,36.6390,25.5528,17.9,,1.7,,EGE DENIZI İlksel
2026.09.12,15:36:56,39.0212,25.9593,5.2,,2.1,,MIDILLI ADASI GUNEYI (EGE DENIZI) İlksel
2026.09.12,15:38:52,39.0788,25.9698,7.2,,2.2,,MIDILLI ADASI GUNEYI (EGE DENIZI) İlksel
2026.09.12,17:05:25,38.1372,38.3792,26.6,,1.1,,SALKONAK-YESILYURT (MALATYA) İlksel
2026.09.12,17:46:15,36.9357,29.3372,4.6,,1.8,,GURSU-CAMELI (DENIZLI) İlksel
2026.09.12,17:46:45,39.2252,28.1240,12.5,,1.7,,BAYIRLI-SINDIRGI (BALIKESIR) İlksel
2026.09.12,17:57:48,38.6085,31.5495,5.4,,1.6,,MEVLUTLU-TUZLUKCU (KONYA) İlksel
2026.09.12,18:14:59,38.1142,37.2888,5.4,,1.3,,OZCANLI-ELBISTAN (KAHRAMANMARAS) İlksel
2026.09.12,18:18:15,40.8568,31.6285,7.0,,2.0,,CUKUROREN-(BOLU) İlksel
2026.09.12,18:23:40,39.5343,39.1245,3.9,,1.7,,MERMERLI-KEMAH (ERZINCAN) İlksel
2026.09.12,18:24:14,39.0070,43.5893,23.9,,2.1,,UNSELI-MURADIYE (VAN) İlksel
2026.09.12,19:44:34,38.8700,26.9488,8.5,,2.2,,CANDARLI KORFEZI (EGE DENIZI) İlksel
2026.09.12,19:50:38,36.7142,38.2772,5.0,,1.7,,MURSITPINAR-SURUC (SANLIURFA) İlksel
2026.09.12,20:07:53,38.5905,37.7835,10.2,,1.5,,KOLUKLER-DARENDE (MALATYA) İlksel
2026.09.12,20:30:03,38.9372,27.6020,10.2,,1.3,,SIRTKOY-AKHISAR (MANISA) İlksel
2026.09.12,20:43:43,35.1003,24.2995,18.1,,3.2,,GIRIT ADASI (AKDENIZ) İlksel
2026.09.12,21:46:42,38.0558,36.4963,19.6,,1.5,,HACIMIRZA-GOKSUN (KAHRAMANMARAS) İlksel
2026.09.12,23:40:04,39.2245,28.9875,14.9,,1.7,,YEMISLI-SIMAV (KUTAHYA) İlksel
2026.09.12,23:48:02,39.2550,40.2283,7.1,,1.8,,ACIKGUNEY-KIGI (BINGOL) İlksel
2026.09.12,23:50:06,38.4537,39.3568,19.8,,0.8,,SUREK-SIVRICE (ELAZIG) İlksel
2026.09.13,00:10:22,38.5172,39.3242,5.4,,1.4,,GUNEYKOY-SIVRICE (ELAZIG) İlksel
2026.09.13,00:39:47,37.2123,28.7618,3.4,,1.7,,KARACAOREN-(MUGLA) İlksel
2026.09.13,00:47:08,39.4933,26.3945,5.0,,1.6,,BUYUKHUSUN-AYVACIK (CANAKKALE) İlksel
2026.09.13,00:48:20,39.5098,26.3197,4.2,,1.1,,PASAKOY-AYVACIK (CANAKKALE) İlksel
2026.09.13,01:08:32,39.8803,41.7855,7.2,,1.3,,UZUNARK-PASINLER (ERZURUM) İlksel
2026.09.13,01:35:33,39.2485,28.9948,16.4,,0.7,,YEMISLI-SIMAV (KUTAHYA) İlksel
2026.09.13,01:41:38,39.9135,41.8130,14.9,,1.2,,UZUNARK-PASINLER (ERZURUM) İlksel
2026.09.13,02:50:37,39.1063,28.3477,13.1,,1.0,,KOBAKLAR-GORDES (MANISA) İlksel
2026.09.13,03:09:20,39.0697,28.3873,12.0,,1.1,,KOBAKLAR-GORDES (MANISA) İlksel
2026.09.13,04:09:25,38.3988,42.8512,4.2,,1.4,,AYDINOCAK-GEVAS (VAN) İlksel
2026.09.13,05:03:45,39.3348,25.6960,12.8,,1.9,,EGE DENIZI İlksel
2026.09.13,05:21:48,36.9472,28.1282,6.6,,1.6,,GOKOVA KORFEZI (EGE DENIZI) İlksel
2026.09.13,05:34:04,38.8717,28.0640,3.8,,1.2,,YAYAKIRILDIK-AKHISAR (MANISA) İlksel
2026.09.13,05:42:46,38.2085,38.1255,5.4,,1.1,,OLUKLU-YESILYURT (MALATYA) İlksel
2026.09.13,05:50:30,36.6225,25.9580,8.0,,2.1,,EGE DENIZI İlksel
2026.09.13,06:20:00,39.2707,29.3702,9.3,,0.7,,SEYHCAKIR-HISARCIK (KUTAHYA) İlksel
2026.09.13,06:24:27,39.1740,28.1553,11.0,,1.5,,SINANDEDE-SINDIRGI (BALIKESIR) İlksel
2026.09.13,06:30:09,39.2037,28.1810,12.8,,1.6,,YAYLACIK-SINDIRGI (BALIKESIR) İlksel
2026.09.13,06:44:56,39.2153,29.0388,10.9,,1.2,,EGIRLER-SIMAV (KUTAHYA) İlksel
2026.09.13,07:04:43,38.3165,37.8658,7.0,,1.2,,HANCERLI-AKCADAG (MALATYA) İlksel
2026.09.13,07:07:30,39.2407,29.0017,11.8,,1.3,,YEMISLI-SIMAV (KUTAHYA) İlksel
2026.09.13,07:32:17,38.1383,38.2513,16.3,,1.2,,ALTINTAS-CELIKHAN (ADIYAMAN) İlksel
2026.09.13,08:16:13,38.1015,37.0192,12.8,,1.5,,CALIS-ELBISTAN (KAHRAMANMARAS) İlksel
2026.09.13,08:27:36,39.1398,28.2990,7.4,,2.3,,YUREGIL-SINDIRGI (BALIKESIR) İlksel
2026.09.13,09:25:23,38.3020,38.2213,19.8,,1.3,,YAKINCA-YESILYURT (MALATYA) İlksel
2026.09.13,09:58:39,38.5512,37.9720,9.9,,1.9,,IRIAGAC-YAZIHAN (MALATYA) İlksel
2026.09.13,10:25:14,38.5215,38.0362,7.5,,1.2,,CIVRIL-YAZIHAN (MALATYA) İlksel
2026.09.13,11:10:30,39.6570,26.0467,8.3,,1.7,,TAVAKLI ACIKLARI-CANAKKALE (EGE DENIZI) İlksel
2026.09.13,11:19:02,40.8090,27.8408,5.0,,1.7,,MARMARA DENIZI İlksel
2026.09.13,12:51:32,40.1497,31.7125,5.0,,1.7,,ULUKOY-NALLIHAN (ANKARA) İlksel
2026.09.13,13:47:13,40.8157,31.5477,5.1,,1.4,,KIZILAGIL-(BOLU) İlksel
2026.09.13,14:45:55,35.3357,27.1970,8.6,,2.8,,AKDENIZ İlksel
2026.09.13,15:02:25,35.3612,27.1645,9.3,,2.7,,AKDENIZ İlksel
2026.09.13,15:02:53,38.0667,38.3318,2.7,,1.3,,YESILYAYLA-CELIKHAN (ADIYAMAN) İlksel
2026.09.13,15:07:22,35.4015,27.0332,8.4,,2.2,,AKDENIZ İlksel
2026.09.13,15:38:25,37.8700,36.5940,18.7,,1.7,,TEKIR-(KAHRAMANMARAS) İlksel
2026.09.13,15:56:16,39.1930,28.1405,16.3,,1.8,,ORMANICI-SINDIRGI (BALIKESIR) İlksel
2026.09.13,15:57:11,38.3630,37.8157,11.9,,1.4,,DURULOVA-AKCADAG (MALATYA) İlksel
2026.09.13,16:14:59,38.4223,37.3012,5.0,,2.0,,GOKCEK-ELBISTAN (KAHRAMANMARAS) İlksel
2026.09.13,16:18:26,36.5902,36.2812,7.8,,2.0,,GUZELKOY-ISKENDERUN (HATAY) İlksel
2026.09.13,16:41:48,39.1887,28.0803,11.3,,2.0,,KERTIL-SINDIRGI (BALIKESIR) İlksel
2026.09.13,16:55:23,40.8145,27.8838,16.4,,2.3,,MARMARA DENIZI İlksel
2026.09.13,17:06:46,35.3815,27.1858,9.1,,3.1,3.2,AKDENIZ İlksel
2026.09.13,17:07:18,40.7592,35.4217,9.0,,1.6,,KIREYMIR-MERZIFON (AMASYA) İlksel
2026.09.13,17:10:10,35.2903,27.2648,7.5,,2.7,,AKDENIZ İlksel
2026.09.13,17:18:59,35.5880,27.0597,5.8,,2.7,,EGE DENIZI İlksel
2026.09.13,17:24:09,35.3863,27.1627,3.3,,2.5,2.6,AKDENIZ İlksel
2026.09.13,17:25:22,38.2013,38.0728,20.6,,1.3,,OLUKLU-YESILYURT (MALATYA) İlksel
2026.09.13,17:36:51,36.9483,28.1072,9.4,,1.7,,GOKOVA KORFEZI (EGE DENIZI) İlksel
2026.09.13,17:41:26,35.3690,27.1692,7.7,,2.8,2.8,AKDENIZ İlksel
2026.09.13,17:56:35,37.9162,36.1178,7.0,,1.6,,GURLESEN-SAIMBEYLI (ADANA) İlksel
2026.09.13,18:13:37,39.8982,41.5527,5.0,,2.7,,YAVUZLU-PASINLER (ERZURUM) İlksel
2026.09.13,19:06:41,39.1738,27.9472,13.4,,1.6,,AKKOCALI-AKHISAR (MANISA) İlksel
2026.09.13,19:46:53,38.0212,37.5753,2.8,,2.1,,GOVDELI-DOGANSEHIR (MALATYA) İlksel
2026.09.13,20:20:37,38.1148,37.2132,5.3,,2.6,,AKPINAR-EKINOZU (KAHRAMANMARAS) İlksel
2026.09.13,20:36:00,35.4118,27.1393,3.8,,2.5,,AKDENIZ İlksel
2026.09.13,21:18:43,39.3487,25.5947,9.2,,2.7,,EGE DENIZI İlksel
2026.09.13,21:26:04,35.3465,31.9623,14.2,,1.9,,AKDENIZ İlksel
2026.09.13,21:41:37,38.7602,36.5640,5.1,,1.6,,YUKARIBURANDERE-PINARBASI (KAYSERI) İlksel
2026.09.13,22:18:35,40.1840,23.2203,17.7,,3.0,,YUNANISTAN İlksel
2026.09.13,22:51:23,39.1772,28.1662,8.2,,1.8,,SINANDEDE-SINDIRGI (BALIKESIR) İlksel
2026.09.13,23:30:10,40.0108,40.0322,7.6,,2.0,,AGAMCAGAM-OTLUKBELI (ERZINCAN) İlksel
2026.09.14,00:20:37,38.8962,26.9213,8.4,,1.6,,CANDARLI KORFEZI (EGE DENIZI) İlksel
2026.09.14,01:05:07,34.9782,23.3728,83.1,,3.4,3.5,GIRIT ADASI (AKDENIZ) İlksel
2026.09.14,01:20:29,39.2397,28.9962,12.0,,0.9,,YEMISLI-SIMAV (KUTAHYA) İlksel
2026.09.14,01:26:57,37.9532,37.6023,14.7,,0.9,,KAPIDERE-DOGANSEHIR (MALATYA) İlksel
2026.09.14,01:59:18,39.1205,28.4132,9.2,,2.4,,YAYLABAYIR-SINDIRGI (BALIKESIR) İlksel
2026.09.14,02:12:38,41.0057,38.1910,8.6,,2.7,,PAZARSUYU-BULANCAK (GIRESUN) İlksel
2026.09.14,02:41:11,38.2188,40.3745,9.8,,1.2,,OZEKLI-SUR (DIYARBAKIR) İlksel
2026.09.14,02:55:34,38.0515,36.4090,5.0,,1.8,,SOGUKPINAR-GOKSUN (KAHRAMANMARAS) İlksel
2026.09.14,03:42:03,39.5053,25.9468,6.2,,1.7,,GULPINAR ACIKLARI-CANAKKALE (EGE DENIZI) İlksel
2026.09.14,03:54:41,34.8842,23.2505,21.2,,2.5,,GIRIT ADASI (AKDENIZ) İlksel
2026.09.14,04:20:11,39.2225,28.1637,6.8,,0.9,,YAYLACIK-SINDIRGI (BALIKESIR) İlksel
2026.09.14,04:33:40,38.2830,38.2678,12.8,,1.1,,GUNDUZBEY-YESILYURT (MALATYA) İlksel
2026.09.14,04:52:07,40.9708,42.2797,5.2,,1.4,,BEGENDIK-OLUR (ERZURUM) İlksel
2026.09.14,05:00:09,39.1077,28.2328,6.5,,1.8,,KINIK-SINDIRGI (BALIKESIR) İlksel
2026.09.14,05:15:22,39.1358,28.4295,12.6,,1.0,,YAYLABAYIR-SINDIRGI (BALIKESIR) İlksel
2026.09.14,05:18:53,36.5385,28.5357,27.0,,1.4,,AKDENIZ İlksel
2026.09.14,05:28:25,39.1328,40.2077,5.4,,1.6,,GUMUSAKAR-KARAKOCAN (ELAZIG) İlksel
2026.09.14,06:09:42,37.5902,35.5912,6.1,,1.3,,GOKGOZ-KOZAN (ADANA) İlksel
2026.09.14,06:10:40,39.4085,25.9858,9.3,,1.4,,BADEMLI ACIKLARI-CANAKKALE (EGE DENIZI) İlksel
2026.09.14,06:10:50,37.7400,37.3993,49.3,,1.2,,BOZLAR-CAGLAYANCERIT (KAHRAMANMARAS) İlksel
2026.09.14,06:14:46,41.3340,41.5385,9.2,,2.1,,BASKOY-MURGUL (ARTVIN) İlksel
2026.09.14,06:17:26,39.2287,28.1193,13.7,,1.2,,BAYIRLI-SINDIRGI (BALIKESIR) İlksel
2026.09.14,06:27:03,37.1682,29.0535,10.0,,1.7,,ALPA-TAVAS (DENIZLI) İlksel
2026.09.14,06:46:49,39.4808,44.3245,12.2,,2.5,,HALAC-DOGUBAYAZIT (AGRI) İlksel
2026.09.14,06:56:07,38.8440,37.9762,11.5,,1.2,,DUMLU-HEKIMHAN (MALATYA) İlksel
2026.09.14,06:57:44,38.9657,41.6670,10.1,,1.8,,SARIDAL-(MUS) İlksel
2026.09.14,07:01:28,39.1457,25.9047,11.7,,1.9,,MIDILLI ADASI (EGE DENIZI) İlksel
2026.09.14,07:09:12,40.9782,38.0488,5.0,,1.5,,GULYALI (ORDU) İlksel
2026.09.14,07:53:09,38.2542,37.7297,8.6,,1.4,,CEVIRME-AKCADAG (MALATYA) İlksel
2026.09.14,09:13:21,38.3078,38.1130,29.8,,1.1,,KUYULU-YESILYURT (MALATYA) İlksel
2026.09.14,10:24:10,39.8890,28.8420,0.0,,1.6,,DUNDAR-ORHANELI (BURSA) İlksel
2026.09.14,10:36:09,38.9267,43.7693,15.9,,1.5,,BEYDAGI-MURADIYE (VAN) İlksel
2026.09.14,10:38:39,36.7202,28.5558,18.7,,1.6,,DALYAN ACIKLARI-MUGLA (AKDENIZ) İlksel
2026.09.14,10:43:39,39.2382,29.0408,14.3,,1.1,,KATRANDAGI-EMET (KUTAHYA) İlksel
2026.09.14,11:10:34,34.9167,26.1175,5.0,,2.5,,GIRIT ADASI ACIKLARI (AKDENIZ) İlksel
2026.09.14,11:19:03,38.2873,37.8768,14.2,,1.6,,HANCERLI-AKCADAG (MALATYA) İlksel
2026.09.14,11:29:28,38.6273,27.0070,25.1,,1.6,,MENEMEN (IZMIR) İlksel
2026.09.14,11:42:46,36.6673,25.7380,7.6,,3.2,3.1,EGE DENIZI İlksel
2026.09.14,12:04:44,41.9253,25.4287,2.0,,1.7,,BULGARISTAN İlksel
2026.09.14,12:05:23,38.9030,37.9908,5.0,,1.4,,KARAKOCEK-HEKIMHAN (MALATYA) İlksel
2026.09.14,12:07:50,36.2767,33.6592,0.0,,1.3,,DEDELER-GULNAR (MERSIN) İlksel
2026.09.14,12:08:08,36.2735,33.6915,0.0,,0.9,,ISIKLI-SILIFKE (MERSIN) İlksel
2026.09.14,12:14:37,36.7095,25.7057,2.8,,2.1,,EGE DENIZI İlksel
2026.09.14,12:39:43,40.1575,27.3640,11.3,,1.7,,CAMIALAN-BIGA (CANAKKALE) İlksel
2026.09.14,12:57:48,38.4455,39.1340,5.0,,2.1,,DEREBOYNU-SIVRICE (ELAZIG) İlksel
2026.09.14,13:00:22,40.0465,38.9155,11.2,,2.1,,KAZOREN-REFAHIYE (ERZINCAN) İlksel
2026.09.14,13:10:39,36.9458,28.1105,10.0,,1.6,,GOKOVA KORFEZI (EGE DENIZI) İlksel
2026.09.14,13:28:22,40.3613,27.0808,24.2,,1.4,,AYITDERE-BIGA (CANAKKALE) İlksel
2026.09.14,13:44:36,38.7025,26.5527,2.8,,1.7,,IZMIR KORFEZI (EGE DENIZI) İlksel
2026.09.14,14:56:12,38.1197,38.4870,11.9,,2.0,,AKSU-SINCIK (ADIYAMAN) İlksel
2026.09.14,15:13:25,35.7472,25.8660,11.1,,2.5,,EGE DENIZI İlksel
2026.09.14,16:16:12,39.1815,29.4367,9.8,,1.9,,PUSATLAR-CAVDARHISAR (KUTAHYA) İlksel
2026.09.14,17:08:16,37.6510,27.0467,21.6,,1.5,,MILLI PARK-KUSADASI (AYDIN) İlksel
2026.09.14,17:21:59,39.2133,28.0832,7.9,,1.7,,KERTIL-SINDIRGI (BALIKESIR) İlksel
2026.09.14,19:09:53,39.2187,28.1682,7.8,,1.4,,YAYLACIK-SINDIRGI (BALIKESIR) İlksel
2026.09.14,20:46:16,37.7742,29.6690,10.0,,1.6,,SAZKOY-BOZKURT (DENIZLI) İlksel
2026.09.14,21:49:23,40.4622,26.3642,16.6,,1.7,,SAROS KORFEZI (EGE DENIZI) İlksel
2026.09.14,22:31:16,37.4400,34.3490,10.2,,1.9,,OSMANKOSELI-HALKAPINAR (KONYA) İlksel
2026.09.14,22:37:57,38.1418,37.5355,4.0,,1.4,,SUNNETKOY-ELBISTAN (KAHRAMANMARAS) İlksel
2026.09.14,23:29:08,37.1365,28.2857,10.2,,1.4,,YERKESIK-(MUGLA) İlksel
2026.09.15,00:06:24,38.8478,43.5565,6.0,,2.3,,AKCIFT-(VAN) İlksel
2026.09.15,01:07:03,39.2540,28.9988,17.9,,1.1,,YEMISLI-SIMAV (KUTAHYA) İlksel
2026.09.15,01:20:58,38.4610,37.3605,18.0,,1.3,,GAZIKOY-DARENDE (MALATYA) İlksel
2026.09.15,01:27:03,39.2570,28.9572,9.6,,1.3,,KARAKOCA-SIMAV (KUTAHYA) İlksel
2026.09.15,01:29:09,37.9702,27.6288,26.6,,1.4,,BOZKOY-GERMENCIK (AYDIN) İlksel
2026.09.15,02:08:19,39.1537,28.2947,10.1,,1.4,,ISIKLAR-SINDIRGI (BALIKESIR) İlksel
2026.09.15,02:13:46,38.3618,37.3185,14.0,,1.2,,INCECIK-ELBISTAN (KAHRAMANMARAS) İlksel
2026.09.15,02:16:09,39.3413,39.0885,5.0,,2.4,,YESILYAZI-OVACIK (TUNCELI) İlksel
2026.09.15,02:33:24,39.1878,28.2080,11.3,,1.4,,AKTAS-SINDIRGI (BALIKESIR) İlksel
2026.09.15,02:54:21,39.2825,28.1453,17.6,,1.0,,KARAAGAC-SINDIRGI (BALIKESIR) İlksel
2026.09.15,02:58:49,38.6478,37.3642,3.4,,1.0,,TEPECIK-GURUN (SIVAS) İlksel
2026.09.15,03:28:11,35.0317,24.3357,16.0,,3.1,,GIRIT ADASI (AKDENIZ) İlksel
2026.09.15,03:41:21,37.9025,36.2942,11.1,,1.3,,HACIKODAL-GOKSUN (KAHRAMANMARAS) İlksel
2026.09.15,03:41:47,39.2197,28.0688,18.4,,1.0,,ALAKIR-SINDIRGI (BALIKESIR) İlksel
2026.09.15,04:02:47,35.2258,26.8995,1.5,,2.3,,GIRIT ADASI (AKDENIZ) İlksel
2026.09.15,04:24:36,39.1495,28.3152,16.0,,1.2,,KUCUKDAGDERE-SINDIRGI (BALIKESIR) İlksel
2026.09.15,04:41:13,38.7353,27.9338,5.6,,1.2,,HIROGLU-GOLMARMARA (MANISA) İlksel
2026.09.15,05:13:36,39.0952,31.5777,5.3,,1.9,,KALDIRIMKOY-SIVRIHISAR (ESKISEHIR) İlksel
2026.09.15,05:22:10,39.5802,27.7828,8.9,,1.9,,DERECIFTLIK-(BALIKESIR) İlksel
2026.09.15,05:41:20,38.0290,37.4483,9.6,,1.1,,NURHAK (KAHRAMANMARAS) İlksel
2026.09.15,05:48:13,38.0575,28.9462,15.8,,1.2,,YENICEKENT-BULDAN (DENIZLI) İlksel
2026.09.15,05:50:10,40.5528,33.8350,22.8,,1.2,,OVACIK-(CANKIRI) İlksel
2026.09.15,06:58:19,40.7902,27.4835,13.7,,1.9,,YENIKOY ACIKLARI-TEKIRDAG (MARMARA DENIZI) İlksel
2026.09.15,07:49:56,37.8948,26.8892,5.4,,2.2,,KUSADASI KORFEZI (EGE DENIZI) İlksel
2026.09.15,08:42:02,40.2210,31.7657,9.8,,2.5,,KOZAGAC-BEYPAZARI (ANKARA) İlksel
2026.09.15,09:18:39,39.1182,27.5207,0.0,,1.5,,DEREKOY-SOMA (MANISA) İlksel
2026.09.15,10:08:10,37.0533,29.0975,6.7,,1.6,,YOLCATI-ACIPAYAM (DENIZLI) İlksel
2026.09.15,10:57:32,39.2545,28.9873,11.8,,1.8,,YEMISLI-SIMAV (KUTAHYA) İlksel
2026.09.15,11:22:16,40.8367,35.9525,12.4,,2.2,,KARAKESE-(AMASYA) İlksel
2026.09.15,11:25:58,38.1147,32.6100,0.0,,1.0,,CANDIR-SELCUKLU (KONYA) İlksel
2026.09.15,12:02:07,38.2812,38.7593,17.9,,1.3,,BALPINARI-PUTURGE (MALATYA) İlksel
2026.09.15,12:42:46,39.5655,39.7303,4.9,,3.0,,KALECIK-(ERZINCAN) İlksel
2026.09.15,12:43:44,39.5742,39.7452,4.8,,2.4,,KALECIK-(ERZINCAN) İlksel
2026.09.15,12:46:55,39.5607,39.7628,6.5,,1.9,,KALECIK-(ERZINCAN) İlksel
2026.09.15,12:56:45,39.2567,28.1518,13.2,,1.4,,IBILLER-SINDIRGI (BALIKESIR) İlksel
2026.09.15,13:50:50,38.2445,27.0212,3.4,,1.2,,YENIKOY-MENDERES (IZMIR) İlksel
2026.09.15,13:54:24,39.9133,26.7547,4.8,,1.5,,HACIBEKIRLER-BAYRAMIC (CANAKKALE) İlksel
2026.09.15,13:57:19,38.4385,39.2268,5.4,,1.8,,KURKKOY-SIVRICE (ELAZIG) İlksel
2026.09.15,14:05:20,39.8793,28.8063,0.0,,1.6,,YENIDANISMENT-ORHANELI (BURSA) İlksel
2026.09.15,14:58:44,36.9523,28.2840,5.0,,1.4,,CAMLI-MARMARIS (MUGLA) İlksel
2026.09.15,16:45:42,37.3518,35.8490,18.2,,2.1,,PEKMEZCI-KOZAN (ADANA) İlksel
2026.09.15,16:46:45,39.1952,28.0548,11.7,,1.8,,SAHINKAYA-SINDIRGI (BALIKESIR) İlksel
2026.09.15,17:14:01,38.4100,37.4160,5.0,,2.1,,YALINTAS-ELBISTAN (KAHRAMANMARAS) İlksel
2026.09.15,17:48:24,39.2957,40.9453,5.0,,2.1,,TASLICAY-KARLIOVA (BINGOL) İlksel
2026.09.15,18:20:56,37.3960,36.1792,10.0,,2.0,,YENIGUN-KADIRLI (OSMANIYE) İlksel
2026.09.15,18:56:31,41.0608,29.2205,8.9,,1.2,,RESADIYE-CEKMEKOY (ISTANBUL) İlksel
2026.09.15,19:28:56,40.1547,43.6122,5.0,,1.4,,ASAGICIYRIKLI-TUZLUCA (IGDIR) İlksel
2026.09.15,20:06:31,38.1420,38.4573,14.2,,1.4,,AKSU-SINCIK (ADIYAMAN) İlksel
2026.09.15,20:45:46,37.3637,35.8112,19.3,,0.9,,YASSICALI-KOZAN (ADANA) İlksel
2026.09.15,20:51:02,39.2483,28.9928,11.3,,1.2,,YEMISLI-SIMAV (KUTAHYA) İlksel
2026.09.15,20:54:47,37.9828,27.1485,5.9,,1.9,,KUSADASI KORFEZI (EGE DENIZI) İlksel
2026.09.15,21:09:52,37.8727,27.2195,6.6,,1.6,,KUSADASI KORFEZI (EGE DENIZI) İlksel
2026.09.15,21:22:39,36.0190,27.2717,7.2,,2.8,,EGE DENIZI İlksel
2026.09.15,22:12:24,39.1022,28.2513,19.1,,1.3,,KINIK-SINDIRGI (BALIKESIR) İlksel
2026.09.15,22:14:05,39.1162,28.4055,9.1,,1.7,,YAYLABAYIR-SINDIRGI (BALIKESIR) İlksel
2026.09.15,22:53:13,40.4123,28.8517,1.9,,1.4,,GEMLIK KORFEZI (MARMARA DENIZI) İlksel
2026.09.15,23:19:06,40.7960,28.0980,12.8,,1.5,,MARMARA DENIZI İlksel
2026.09.16,00:23:36,38.1280,27.2110,4.8,,0.9,,KARAKUYU-MENDERES (IZMIR) İlksel
2026.09.16,01:09:21,37.1000,34.5688,4.4,,2.1,,SEBIL-CAMLIYAYLA (MERSIN) İlksel
2026.09.16,02:03:24,36.0357,27.2518,8.3,,1.8,,EGE DENIZI İlksel
2026.09.16,02:17:05,38.4200,37.4152,3.3,,2.0,,YALINTAS-ELBISTAN (KAHRAMANMARAS) İlksel
2026.09.16,02:39:51,36.0123,29.3543,50.6,,1.1,,KALKAN ACIKLARI-ANTALYA (AKDENIZ) İlksel
2026.09.16,03:01:50,37.8720,27.5515,5.4,,2.3,,KIZILCAPINAR-GERMENCIK (AYDIN) REVIZE01 (2026.09.16 03:01:50)
2026.09.16,03:38:04,40.0322,37.6713,6.0,,2.1,,ESENLER-ZARA (SIVAS) İlksel
2026.09.16,03:48:12,35.3398,30.1603,13.1,,2.1,,AKDENIZ İlksel
2026.09.16,04:55:00,38.3253,25.2650,5.0,,1.9,,EGE DENIZI İlksel
2026.09.16,04:59:51,38.0973,36.6025,3.9,,1.4,,KANLIKAVAK-GOKSUN (KAHRAMANMARAS) İlksel
2026.09.16,05:13:58,37.3948,36.7540,9.2,,1.5,,UZUNSOGUT-TURKOGLU (KAHRAMANMARAS) İlksel
2026.09.16,05:39:06,38.0828,37.7597,11.2,,1.5,,SOGUT-DOGANSEHIR (MALATYA) İlksel
2026.09.16,05:41:21,41.3727,43.9075,11.6,,2.2,,GURCISTAN İlksel
2026.09.16,05:54:38,39.2347,28.1247,8.8,,1.9,,BAYIRLI-SINDIRGI (BALIKESIR) İlksel
2026.09.16,06:03:36,39.1535,33.2875,18.6,,1.3,,AKIN-SEREFLIKOCHISAR (ANKARA) İlksel
2026.09.16,06:09:39,40.4340,42.3185,8.5,,2.0,,ICMESU-SENKAYA (ERZURUM) İlksel
2026.09.16,06:14:10,38.0747,37.7702,9.1,,1.6,,SOGUT-DOGANSEHIR (MALATYA) İlksel
2026.09.16,06:16:30,39.6993,40.2917,3.0,,1.3,,BAGPINAR-TERCAN (ERZINCAN) İlksel
2026.09.16,06:22:47,36.6993,25.7537,7.8,,2.1,,EGE DENIZI İlksel
2026.09.16,06:28:00,38.3647,38.7945,2.7,,1.5,,KOZLUK-KALE (MALATYA) İlksel
2026.09.16,06:40:57,37.5412,35.8517,4.4,,1.9,,DAGLICA-KOZAN (ADANA) İlksel
2026.09.16,07:20:12,39.2895,34.2900,5.4,,1.7,,BOZTEPE (KIRSEHIR) İlksel
2026.09.16,07:43:58,37.6463,32.1080,11.3,,1.3,,EVLIYATEKKE-MERAM (KONYA) İlksel
2026.09.16,09:29:03,40.8187,31.5650,9.5,,1.8,,KOZLU-(BOLU) REVIZE01 (2026.09.16 09:29:03)
2026.09.16,10:07:09,39.6242,26.0573,6.0,,1.5,,TAVAKLI ACIKLARI-CANAKKALE (EGE DENIZI) İlksel
2026.09.16,10:20:55,36.1810,36.1952,23.5,,1.8,,KURUYER-(HATAY) İlksel
2026.09.16,10:38:35,39.4038,27.7658,7.9,,1.5,,SOGUTLUGOZLER-SAVASTEPE (BALIKESIR) İlksel
2026.09.16,10:52:07,38.5890,26.7192,15.6,,2.3,,IZMIR KORFEZI (EGE DENIZI) İlksel
2026.09.16,11:01:24,38.6468,26.6113,4.8,,2.0,,IZMIR KORFEZI (EGE DENIZI) İlksel
2026.09.16,12:37:55,36.8025,34.1957,12.0,,1.7,,HACIALANI-ERDEMLI (MERSIN) İlksel
2026.09.16,12:54:19,39.3890,33.3680,0.0,,1.5,,KALDIRIM-CELEBI (KIRIKKALE) İlksel
2026.09.16,13:32:11,37.0700,30.5592,21.8,,1.6,,YAGCA-DOSEMEALTI (ANTALYA) İlksel
2026.09.16,15:08:54,36.6653,25.7097,6.2,,3.5,3.4,EGE DENIZI İlksel
2026.09.16,17:15:11,39.9645,26.0717,12.0,,1.6,,UVECIK ACIKLARI-CANAKKALE (EGE DENIZI) İlksel
2026.09.16,17:46:44,37.8580,26.8337,5.5,,1.9,,EGE DENIZI İlksel
2026.09.16,18:54:00,38.5470,39.1082,8.4,,2.1,,SARILI-(ELAZIG) İlksel
2026.09.16,19:01:16,35.7842,25.5418,5.5,,2.2,,EGE DENIZI İlksel
2026.09.16,19:15:14,39.2130,28.0633,10.2,,1.7,,ALAKIR-SINDIRGI (BALIKESIR) İlksel
2026.09.16,19:39:57,36.9367,35.4305,14.9,,1.4,,YUREGIR (ADANA) İlksel
2026.09.16,19:40:35,36.7585,32.0152,6.2,,2.2,,UMUTLU-GUNDOGMUS (ANTALYA) İlksel
2026.09.16,20:50:25,36.1812,36.0752,9.3,,1.8,,COKEK-SAMANDAG (HATAY) İlksel
2026.09.16,21:36:06,39.4512,40.5800,5.4,,2.8,,KARACA-CAT (ERZURUM) İlksel
2026.09.16,21:56:54,37.6710,26.9262,15.2,,1.4,,MILLI PARK-KUSADASI (AYDIN) İlksel
2026.09.16,22:02:12,39.6240,27.4983,10.8,,1.9,,SARICA-IVRINDI (BALIKESIR) İlksel
2026.09.16,22:16:16,38.2170,38.6645,14.1,,1.2,,KAVAKLIDERE-PUTURGE (MALATYA) İlksel
2026.09.16,22:44:41,38.2365,38.2195,28.6,,1.3,,KADIRUSAGI-YESILYURT (MALATYA) İlksel
2026.09.16,23:57:18,37.1070,36.6305,6.7,,1.9,,KUSCUMUSTAFA-ISLAHIYE (GAZIANTEP) İlksel
2026.09.17,00:33:49,36.9750,29.3485,5.0,,1.1,,ARIKAYA-CAMELI (DENIZLI) REVIZE01 (2026.09.17 00:33:55)
2026.09.17,00:42:48,35.8702,33.9887,24.1,,1.8,,AKDENIZ İlksel
2026.09.17,00:46:37,35.6700,26.2828,7.7,,2.1,,EGE DENIZI İlksel
2026.09.17,00:53:02,38.2467,38.2013,15.1,,1.2,,SEYITUSAGI-YESILYURT (MALATYA) İlksel
2026.09.17,00:59:09,35.8270,32.2738,76.5,,2.8,,AKDENIZ İlksel
2026.09.17,01:26:57,40.2298,31.7103,13.2,,1.6,,SEKLI-BEYPAZARI (ANKARA) İlksel
2026.09.17,01:53:22,37.6755,26.9442,10.8,,1.4,,MILLI PARK-KUSADASI (AYDIN) İlksel
2026.09.17,01:56:17,38.6005,39.8917,5.0,,2.5,,KARATAS-PALU (ELAZIG) İlksel
2026.09.17,02:10:01,38.2912,37.8620,12.2,,1.0,,HANCERLI-AKCADAG (MALATYA) İlksel
2026.09.17,02:37:11,38.0870,37.7938,11.5,,1.7,,SOGUT-DOGANSEHIR (MALATYA) İlksel
2026.09.17,02:43:28,39.6685,40.5680,17.1,,1.2,,KULLUCE-TERCAN (ERZINCAN) İlksel
2026.09.17,03:00:00,39.6157,38.4782,9.3,,1.3,,GUNGOREN-ILIC (ERZINCAN) İlksel
2026.09.17,04:28:42,39.2048,29.0840,12.0,,1.0,,TOKAT-HISARCIK (KUTAHYA) İlksel
2026.09.17,04:29:04,38.9638,42.4460,18.6,,1.7,,CAYGELDI-BULANIK (MUS) İlksel
2026.09.17,04:30:11,39.1887,28.1580,7.7,,1.2,,SINANDEDE-SINDIRGI (BALIKESIR) İlksel
2026.09.17,04:34:46,38.1398,36.8080,12.1,,1.4,,DEVEBOYNU-AFSIN (KAHRAMANMARAS) İlksel
2026.09.17,04:39:34,38.2267,37.1757,8.1,,1.8,,HASANKENDI-ELBISTAN (KAHRAMANMARAS) İlksel
2026.09.17,04:58:08,39.1403,28.2532,13.3,,1.4,,BAYRAKLI-SINDIRGI (BALIKESIR) İlksel
2026.09.17,05:07:54,37.0625,28.2460,5.4,,2.1,,DERINKUYU-(MUGLA) İlksel
2026.09.17,06:47:22,39.4950,25.9177,8.5,,1.6,,GULPINAR ACIKLARI-CANAKKALE (EGE DENIZI) İlksel
2026.09.17,06:50:19,36.9442,27.5975,6.4,,1.7,,GOKOVA KORFEZI (EGE DENIZI) İlksel
2026.09.17,06:53:39,38.2255,38.5313,13.5,,2.0,,GULUMUSAGI-(MALATYA) İlksel
2026.09.17,06:57:12,36.9588,27.6040,11.0,,1.3,,GOKOVA KORFEZI (EGE DENIZI) İlksel
2026.09.17,07:48:29,36.9767,29.3545,5.0,,1.3,,ARIKAYA-CAMELI (DENIZLI) İlksel
2026.09.17,07:54:33,38.7682,36.5488,9.7,,1.8,,YUKARIBURANDERE-PINARBASI (KAYSERI) İlksel
2026.09.17,08:15:47,39.8740,41.0757,15.7,,1.6,,YUKARIYENICE-PALANDOKEN (ERZURUM) İlksel
2026.09.17,08:51:11,38.7883,27.1815,12.4,,1.6,,DAZYURT-(MANISA) İlksel
2026.09.17,09:21:10,38.3792,39.2500,12.2,,1.3,,DORTBOLUK-SIVRICE (ELAZIG) İlksel
2026.09.17,09:31:42,38.1285,31.0482,13.1,,1.5,,BAGILLI-GELENDOST (ISPARTA) İlksel
2026.09.17,09:42:39,39.1242,27.5907,0.0,,1.6,,ADIL-SOMA (MANISA) İlksel
2026.09.17,10:08:19,37.4382,33.7472,29.0,,1.9,,BOGECIK-AYRANCI (KARAMAN) İlksel
2026.09.17,10:24:02,38.8828,39.3033,5.0,,2.0,,DERELI-PERTEK (TUNCELI) İlksel
2026.09.17,10:32:06,38.7925,26.3550,5.4,,1.9,,EGE DENIZI İlksel
2026.09.17,11:06:18,37.1157,27.8793,0.0,,1.4,,BAYIRKOY-MILAS (MUGLA) İlksel
2026.09.17,11:17:10,40.4123,45.0407,5.0,,2.4,,ERMENISTAN İlksel
2026.09.17,11:24:24,39.8833,26.2572,3.7,,1.0,,PINARBASI-EZINE (CANAKKALE) İlksel
2026.09.17,11:48:19,40.6447,27.5943,3.5,,1.5,,MARMARA DENIZI İlksel
2026.09.17,12:01:46,40.8965,28.7788,20.0,,1.3,,AVCILAR ACIKLARI-ISTANBUL (MARMARA DENIZI) İlksel
2026.09.17,12:13:33,37.8763,28.7673,12.6,,1.2,,TIRKAZ-SARAYKOY (DENIZLI) İlksel
2026.09.17,12:18:38,38.1902,38.3620,5.0,,1.6,,ONCU-YESILYURT (MALATYA) İlksel
2026.09.17,13:11:00,38.9302,29.4188,10.0,,1.6,,SANDIKLI-GEDIZ (KUTAHYA) İlksel
2026.09.17,13:15:06,39.1652,28.2902,1.7,,2.1,,ISIKLAR-SINDIRGI (BALIKESIR) İlksel
2026.09.17,13:38:02,38.2118,37.8950,14.9,,1.6,,KARATERZI-DOGANSEHIR (MALATYA) İlksel
2026.09.17,13:45:37,38.4320,23.4050,5.0,,2.4,,YUNANISTAN İlksel
2026.09.17,13:47:27,36.4822,28.0943,10.5,,1.6,,AKDENIZ İlksel
2026.09.17,13:59:15,38.1292,38.5355,5.2,,1.6,,GECITLI-SINCIK (ADIYAMAN) İlksel
2026.09.17,14:16:37,35.8010,27.4867,5.0,,1.7,,EGE DENIZI İlksel
2026.09.17,14:27:40,38.5317,25.6580,5.0,,2.4,,EGE DENIZI İlksel
2026.09.17,14:38:08,39.0968,28.3258,15.9,,1.7,,YUREGIL-SINDIRGI (BALIKESIR) İlksel
2026.09.17,14:41:19,36.2840,36.1363,5.0,,2.0,,OGLAKOREN-(HATAY) İlksel
2026.09.17,14:56:29,39.1678,24.2378,13.9,,2.9,,EGE DENIZI İlksel
2026.09.17,15:00:54,39.1987,24.1498,12.9,,2.4,,YUNANISTAN İlksel
2026.09.17,16:09:04,38.6768,36.4683,5.4,,1.8,,ASAGIBEYCAYIR-PINARBASI (KAYSERI) REVIZE01 (2026.09.17 16:09:04)
2026.09.17,16:19:33,38.1530,38.4970,18.6,,1.4,,AKSU-SINCIK (ADIYAMAN) İlksel
2026.09.17,17:00:11,39.1355,29.1843,10.8,,1.1,,INLICE-SIMAV (KUTAHYA) İlksel
2026.09.17,17:25:18,40.2297,35.8060,8.2,,1.6,,OSMANPINARI-ZILE (TOKAT) İlksel
2026.09.17,17:47:44,36.1760,33.8083,13.4,,1.5,,AKDERE-SILIFKE (MERSIN) İlksel
2026.09.17,17:49:50,36.2052,33.7168,0.0,,1.2,,ISIKLI-SILIFKE (MERSIN) İlksel
2026.09.17,18:12:06,39.2057,41.5590,6.9,,2.1,,BASKENT-VARTO (MUS) İlksel
2026.09.17,18:41:57,39.2122,28.1840,9.3,,1.8,,YAYLACIK-SINDIRGI (BALIKESIR) İlksel
2026.09.17,19:50:36,38.2193,27.6807,1.1,,2.1,,TURAN-BAYINDIR (IZMIR) İlksel
2026.09.17,20:02:54,39.1327,24.1687,11.6,,2.3,,YUNANISTAN İlksel
2026.09.17,20:42:33,38.3240,38.9953,11.7,,1.6,,TOPALUSAGI-SIVRICE (ELAZIG) İlksel
2026.09.17,21:00:02,38.1860,38.6283,21.4,,1.7,,SOGUTLU-PUTURGE (MALATYA) İlksel
2026.09.17,21:34:52,39.2292,29.0033,11.5,,0.8,,YEMISLI-SIMAV (KUTAHYA) İlksel
2026.09.17,22:04:05,39.0315,25.9907,7.5,,2.1,,MIDILLI ADASI GUNEYI (EGE DENIZI) İlksel
2026.09.17,22:23:05,39.0280,25.9878,11.8,,2.4,,MIDILLI ADASI GUNEYI (EGE DENIZI) İlksel
2026.09.17,22:28:05,39.2052,28.9463,12.6,,1.4,,HAMZABEY-SIMAV (KUTAHYA) İlksel
2026.09.17,22:40:09,39.2203,29.0047,10.5,,1.9,,EGIRLER-SIMAV (KUTAHYA) İlksel
2026.09.17,22:47:43,39.2192,29.0067,8.3,,1.7,,EGIRLER-SIMAV (KUTAHYA) İlksel
2026.09.17,22:50:04,39.1838,29.0238,4.9,,0.7,,KARACAOREN-SIMAV (KUTAHYA) İlksel
2026.09.17,22:56:55,39.8155,32.9448,5.4,,1.6,,CANKAYA (ANKARA) İlksel
2026.09.17,23:06:33,39.2188,29.0112,6.5,,1.9,,EGIRLER-SIMAV (KUTAHYA) İlksel
2026.09.17,23:11:53,39.1218,28.9718,14.1,,1.3,,YESILOVA-SIMAV (KUTAHYA) İlksel
2026.09.17,23:20:48,39.2125,29.0480,1.9,,1.1,,EGIRLER-SIMAV (KUTAHYA) İlksel
2026.09.17,23:25:58,39.1970,29.0110,9.4,,1.3,,EGIRLER-SIMAV (KUTAHYA) İlksel
2026.09.17,23:27:19,38.5588,36.2462,18.0,,1.3,,ARSLANBEYLI-PINARBASI (KAYSERI) İlksel
2026.09.17,23:30:32,39.1915,29.0243,10.3,,1.3,,KARACAOREN-SIMAV (KUTAHYA) İlksel
2026.09.17,23:32:34,39.2368,29.0220,12.9,,1.5,,YEMISLI-SIMAV (KUTAHYA) İlksel
2026.09.17,23:34:30,39.2207,29.0168,10.1,,1.2,,EGIRLER-SIMAV (KUTAHYA) İlksel
2026.09.17,23:43:04,39.1480,29.0182,15.8,,0.8,,HACIAHMETOGLU-SIMAV (KUTAHYA) İlksel
2026.09.18,00:08:04,39.1572,28.9892,14.4,,0.6,,NASA-SIMAV (KUTAHYA) İlksel
2026.09.18,00:10:19,36.6590,25.7833,5.0,,2.4,,EGE DENIZI İlksel
2026.09.18,00:29:57,38.2997,37.2960,7.8,,1.6,,BUYUKYAPALAK-ELBISTAN (KAHRAMANMARAS) İlksel
2026.09.18,00:36:55,39.2060,29.0232,12.9,,1.7,,EGIRLER-SIMAV (KUTAHYA) İlksel
2026.09.18,00:46:46,39.2372,29.0517,5.0,,1.3,,KATRANDAGI-EMET (KUTAHYA) İlksel
2026.09.18,01:00:03,39.3563,26.2872,13.8,,1.3,,MIDILLI ADASI (EGE DENIZI) İlksel
2026.09.18,01:04:31,39.2105,29.0612,7.8,,1.1,,KARACAOREN-SIMAV (KUTAHYA) İlksel
2026.09.18,01:22:43,39.2470,29.0018,9.8,,1.3,,YEMISLI-SIMAV (KUTAHYA) İlksel
2026.09.18,01:39:29,39.2260,29.0333,15.7,,1.1,,EGIRLER-SIMAV (KUTAHYA) İlksel
2026.09.18,02:15:45,38.3125,38.2278,17.7,,1.3,,YAKINCA-YESILYURT (MALATYA) İlksel
2026.09.18,02:32:19,40.1635,31.7295,7.2,,2.1,,SEKLI-BEYPAZARI (ANKARA) İlksel
2026.09.18,02:48:07,39.2718,27.9625,7.5,,1.2,,EGRIDERE-SINDIRGI (BALIKESIR) İlksel
2026.09.18,02:54:44,38.6575,37.0385,6.3,,2.0,,KARAPINAR-GURUN (SIVAS) İlksel
2026.09.18,02:57:41,39.2400,29.0678,11.4,,0.9,,KATRANDAGI-EMET (KUTAHYA) İlksel
2026.09.18,03:09:17,39.3077,32.9512,5.0,,1.6,,AKVIRANCARSAK-BALA (ANKARA) İlksel
2026.09.18,03:24:14,39.1572,28.2977,12.7,,1.8,,ISIKLAR-SINDIRGI (BALIKESIR) İlksel
2026.09.18,03:25:41,39.1330,28.3062,9.7,,1.0,,YUREGIL-SINDIRGI (BALIKESIR) İlksel
2026.09.18,04:07:32,39.1205,28.2042,13.8,,1.0,,KINIK-SINDIRGI (BALIKESIR) İlksel
2026.09.18,04:19:15,37.2468,37.0110,10.5,,1.3,,KARAHUYUK-PAZARCIK (KAHRAMANMARAS) İlksel
2026.09.18,04:45:39,39.1663,32.4792,6.9,,1.6,,DEVECIPINARI-HAYMANA (ANKARA) İlksel
2026.09.18,05:04:41,34.9197,26.1197,5.0,,2.4,,GIRIT ADASI ACIKLARI (AKDENIZ) İlksel
2026.09.18,05:18:58,39.2390,29.0253,6.6,,1.8,,KATRANDAGI-EMET (KUTAHYA) İlksel
2026.09.18,05:22:52,39.2577,28.9948,16.6,,1.2,,YEMISLI-SIMAV (KUTAHYA) İlksel
2026.09.18,05:25:07,39.2555,29.0030,14.5,,0.9,,YESILDERE-SIMAV (KUTAHYA) İlksel
2026.09.18,05:25:29,36.7028,25.7413,6.6,,2.0,,EGE DENIZI İlksel
2026.09.18,05:39:49,37.1282,35.9010,13.6,,1.0,,KARAKAYALI-CEYHAN (ADANA) İlksel
2026.09.18,05:40:09,39.1422,28.1367,12.2,,1.1,,SINANDEDE-SINDIRGI (BALIKESIR) İlksel
2026.09.18,05:47:48,39.2232,28.1292,7.6,,1.2,,MANDIRA-SINDIRGI (BALIKESIR) İlksel
2026.09.18,05:54:03,39.2322,29.0258,4.9,,1.1,,YEMISLI-SIMAV (KUTAHYA) İlksel
2026.09.18,06:00:32,39.2148,29.0628,12.7,,1.2,,KATRANDAGI-EMET (KUTAHYA) İlksel
2026.09.18,06:02:32,39.2473,29.0350,5.0,,2.0,,KATRANDAGI-EMET (KUTAHYA) İlksel
2026.09.18,06:09:25,39.2115,29.0325,15.0,,0.9,,EGIRLER-SIMAV (KUTAHYA) İlksel
2026.09.18,06:25:07,39.2583,29.0187,5.5,,1.7,,YESILDERE-SIMAV (KUTAHYA) İlksel
2026.09.18,06:33:31,39.2343,29.0495,13.0,,1.5,,KATRANDAGI-EMET (KUTAHYA) İlksel
2026.09.18,07:01:49,39.2140,28.9672,9.8,,1.4,,HAMZABEY-SIMAV (KUTAHYA) İlksel
2026.09.18,07:04:01,38.2690,37.7552,13.4,,1.6,,CEVIRME-AKCADAG (MALATYA) İlksel
2026.09.18,07:14:59,39.1962,29.0780,13.3,,1.2,,TOKAT-HISARCIK (KUTAHYA) İlksel
2026.09.18,07:23:43,36.7690,29.3782,24.9,,1.3,,OREN-FETHIYE (MUGLA) İlksel
2026.09.18,07:29:04,39.2070,28.9948,12.2,,1.0,,EGIRLER-SIMAV (KUTAHYA) İlksel
2026.09.18,07:33:50,39.2517,29.0167,13.8,,1.7,,YESILDERE-SIMAV (KUTAHYA) İlksel
2026.09.18,07:37:51,39.0302,29.6978,8.5,,1.8,,CUKUROREN-GEDIZ (KUTAHYA) İlksel
2026.09.18,08:05:39,39.1382,28.3113,7.3,,2.2,,YUREGIL-SINDIRGI (BALIKESIR) İlksel
2026.09.18,08:21:58,38.6650,36.4343,0.0,,1.4,,ASAGIBEYCAYIR-PINARBASI (KAYSERI) İlksel
2026.09.18,08:41:47,39.0352,29.3845,13.8,,1.9,,SAZAK-GEDIZ (KUTAHYA) İlksel
2026.09.18,09:11:32,39.2412,29.0270,6.5,,1.5,,KATRANDAGI-EMET (KUTAHYA) İlksel
2026.09.18,09:42:05,39.0870,23.3447,10.5,,4.3,4.4,YUNANISTAN İlksel
2026.09.18,11:18:20,40.8280,33.0590,5.0,,2.0,,DEMIRLI-ATKARACALAR (CANKIRI) İlksel
2026.09.18,11:40:38,39.2758,28.0433,10.6,,2.1,,KIZILGUR-SINDIRGI (BALIKESIR) İlksel
2026.09.18,12:00:34,36.1150,33.8412,9.8,,1.1,,SILIFKE ACIKLARI-MERSIN (AKDENIZ) İlksel
2026.09.18,12:37:24,38.1552,36.6005,8.0,,1.6,,YENIYAPAN-GOKSUN (KAHRAMANMARAS) İlksel
2026.09.18,12:46:12,38.0862,37.2897,5.8,,1.4,,OZCANLI-ELBISTAN (KAHRAMANMARAS) İlksel
2026.09.18,12:51:04,38.7398,36.5407,5.4,,1.5,,YUKARIBURANDERE-PINARBASI (KAYSERI) İlksel
2026.09.18,12:51:54,39.6163,29.3717,0.0,,1.7,,YENIKOY-TAVSANLI (KUTAHYA) İlksel
2026.09.18,12:52:57,38.5500,28.4862,3.2,,0.8,,GOKCEOREN-KULA (MANISA) İlksel
2026.09.18,13:13:32,38.1485,37.2252,5.4,,1.3,,TASBURUN-ELBISTAN (KAHRAMANMARAS) İlksel
2026.09.18,13:23:48,38.6812,36.4050,5.4,,2.4,,SOLAKLAR-PINARBASI (KAYSERI) REVIZE01 (2026.09.18 13:23:48)
2026.09.18,13:30:51,36.6575,33.5320,21.5,,1.6,,KUMACUKURU-MUT (MERSIN) İlksel
2026.09.18,13:33:32,38.0835,37.8425,11.1,,1.5,,TOPRAKTEPE-DOGANSEHIR (MALATYA) İlksel
2026.09.18,13:40:44,37.6538,26.7285,11.4,,1.8,,SISAM ADASI (EGE DENIZI) İlksel
2026.09.18,14:06:04,39.0435,27.5638,0.0,,2.2,,EGNEZ-SOMA (MANISA) İlksel
2026.09.18,14:18:15,37.6683,35.7682,8.4,,2.1,,YANALERIK-KOZAN (ADANA) İlksel
2026.09.18,14:57:44,38.1868,38.6070,6.6,,2.2,,SOGUTLU-PUTURGE (MALATYA) İlksel
2026.09.18,15:06:47,38.8007,36.5582,7.0,,1.7,,ASAGIKIZILCEVLIK-PINARBASI (KAYSERI) İlksel
2026.09.18,15:25:22,41.1617,27.6260,9.0,,1.6,,KIRKKEPENEKLI-MURATLI (TEKIRDAG) İlksel
2026.09.18,15:34:18,38.0515,37.7663,18.2,,1.8,,SOGUT-DOGANSEHIR (MALATYA) İlksel
2026.09.18,16:07:51,41.5488,41.3687,5.4,,1.8,,LIMAN-HOPA (ARTVIN) İlksel
2026.09.18,16:24:23,38.0957,37.5553,6.1,,1.5,,TAPKIRANKALE-ELBISTAN (KAHRAMANMARAS) İlksel
2026.09.18,16:40:15,34.9723,23.4078,18.9,,3.0,,GIRIT ADASI (AKDENIZ) İlksel
2026.09.18,17:46:07,40.2245,24.0967,17.3,,2.6,,YUNANISTAN İlksel
2026.09.18,18:03:39,39.3338,25.6452,13.4,,2.4,,EGE DENIZI İlksel
2026.09.18,18:18:43,36.3988,33.4570,2.5,,1.0,,ARIKUYUSU-GULNAR (MERSIN) İlksel
2026.09.18,18:25:49,39.2993,26.8883,14.3,,2.1,,TIFILLAR-AYVALIK (BALIKESIR) İlksel
2026.09.18,18:31:17,36.3847,33.4472,2.7,,0.9,,CUKURASMA-GULNAR (MERSIN) İlksel
2026.09.18,18:49:28,39.1772,28.2750,7.5,,1.5,,ISIKLAR-SINDIRGI (BALIKESIR) İlksel
2026.09.18,18:50:50,38.6803,36.4198,5.0,,2.5,,ASAGIBEYCAYIR-PINARBASI (KAYSERI) İlksel
2026.09.18,20:40:30,39.6567,38.3890,5.0,,2.3,,YILMAZ-ILIC (ERZINCAN) İlksel
2026.09.18,21:09:39,37.9038,27.1295,8.1,,3.8,3.8,KUSADASI KORFEZI (EGE DENIZI) İlksel
2026.09.18,21:56:03,39.1492,28.1588,11.8,,2.5,,SINANDEDE-SINDIRGI (BALIKESIR) İlksel
2026.09.18,21:57:37,37.8942,27.1717,4.7,,2.1,,KUSADASI KORFEZI (EGE DENIZI) İlksel
2026.09.18,21:59:41,39.1547,28.2022,12.6,,1.6,,AKTAS-SINDIRGI (BALIKESIR) İlksel
2026.09.18,22:07:44,37.9243,27.1560,6.5,,2.0,,KUSADASI KORFEZI (EGE DENIZI) İlksel
2026.09.18,22:26:08,39.2230,29.0005,7.1,,2.1,,YEMISLI-SIMAV (KUTAHYA) İlksel
2026.09.18,22:41:40,38.4633,25.4703,15.7,,3.5,3.6,EGE DENIZI İlksel
2026.09.18,23:02:20,37.3073,37.0263,11.1,,1.3,,CENNETPINARI-PAZARCIK (KAHRAMANMARAS) İlksel
2026.09.18,23:11:40,37.9157,27.1357,8.8,,2.2,,KUSADASI KORFEZI (EGE DENIZI) İlksel
2026.09.18,23:13:17,36.7160,33.7002,18.0,,2.0,,COMELEK-MUT (MERSIN) İlksel
2026.09.18,23:20:44,38.7913,33.1352,1.9,,2.1,,SAGLIK-CIHANBEYLI (KONYA) İlksel
2026.09.18,23:34:33,39.4198,27.8408,15.0,,1.4,,ATAKOY-(BALIKESIR) İlksel
2026.09.19,00:09:05,37.9267,27.1742,5.1,,1.7,,KUSADASI KORFEZI (EGE DENIZI) İlksel
2026.09.19,00:21:44,38.6868,43.0443,5.0,,2.0,,VAN GOLU İlksel
2026.09.19,00:48:02,36.2177,28.1522,5.1,,1.8,,AKDENIZ İlksel
2026.09.19,01:11:56,38.9793,23.3597,21.8,,3.9,4.0,YUNANISTAN İlksel
2026.09.19,01:14:25,36.9555,28.2272,16.5,,1.6,,KARACA-MARMARIS (MUGLA) İlksel
2026.09.19,01:44:46,39.5163,25.3190,8.4,,1.4,,EGE DENIZI İlksel
2026.09.19,02:49:13,37.8882,27.1167,2.2,,1.2,,KUSADASI KORFEZI (EGE DENIZI) İlksel
2026.09.19,02:56:11,38.8012,27.1678,7.4,,1.3,,DURASILLI-(MANISA) İlksel
2026.09.19,03:06:32,35.9083,28.1105,5.9,,1.9,,AKDENIZ İlksel
2026.09.19,03:11:04,36.0273,28.0802,1.8,,1.9,,AKDENIZ İlksel
2026.09.19,03:16:32,39.4512,37.3517,5.0,,2.8,,SENYURT-ULAS (SIVAS) İlksel
2026.09.19,03:32:56,39.1780,28.0742,4.2,,1.6,,KERTIL-SINDIRGI (BALIKESIR) İlksel
2026.09.19,03:38:37,38.1703,38.4423,3.9,,1.9,,AKSU-SINCIK (ADIYAMAN) İlksel
2026.09.19,03:55:48,37.9148,27.1350,6.4,,2.2,,KUSADASI KORFEZI (EGE DENIZI) İlksel
2026.09.19,04:32:43,38.7083,26.6110,10.0,,2.1,,IZMIR KORFEZI (EGE DENIZI) İlksel
2026.09.19,06:11:02,38.8027,33.1417,5.3,,2.4,,SAGLIK-CIHANBEYLI (KONYA) İlksel
2026.09.19,06:44:25,35.9650,35.9410,12.6,,1.8,,DENIZGOREN-YAYLADAGI (HATAY) İlksel
2026.09.19,07:34:58,38.7995,26.8383,7.4,,3.1,2.9,CANDARLI KORFEZI (EGE DENIZI) İlksel
2026.09.19,07:35:13,38.8005,26.7887,6.7,,3.0,3.0,CANDARLI KORFEZI (EGE DENIZI) İlksel
2026.09.19,07:54:35,38.4027,38.7983,7.1,,2.8,,GULENKOY-KALE (MALATYA) İlksel
2026.09.19,08:20:53,39.1710,28.1437,11.4,,1.9,,SINANDEDE-SINDIRGI (BALIKESIR) İlksel
2026.09.19,08:48:02,36.7123,25.8118,13.9,,1.9,,EGE DENIZI İlksel
2026.09.19,09:53:55,41.3550,43.9760,5.0,,2.4,,GURCISTAN İlksel
2026.09.19,10:06:32,38.1920,38.4743,17.1,,1.3,,GULUMUSAGI-(MALATYA) İlksel
2026.09.19,10:39:53,39.1543,28.9058,13.0,,1.8,,GOLKOY-SIMAV (KUTAHYA) İlksel
2026.09.19,11:20:47,39.7878,39.1083,5.0,,1.7,,AKTAS-KEMAH (ERZINCAN) İlksel
2026.09.19,11:41:46,40.1578,32.9490,4.3,,1.9,,SIGIRLIHACI-CUBUK (ANKARA) İlksel
2026.09.19,12:02:11,39.7168,27.7052,12.7,,1.6,,TURPLU-(BALIKESIR) İlksel
2026.09.19,12:46:38,39.0667,28.3313,13.4,,1.1,,KOBAKLAR-GORDES (MANISA) İlksel
2026.09.19,12:54:16,38.4860,39.1687,5.4,,2.4,,DEDEPINARI-(ELAZIG) İlksel
2026.09.19,12:55:59,38.7818,23.2698,2.9,,4.2,,YUNANISTAN İlksel
2026.09.19,13:01:30,38.8290,33.1195,9.8,,2.1,,SAGLIK-CIHANBEYLI (KONYA) İlksel
2026.09.19,13:03:18,38.4898,39.1517,5.0,,3.4,,KAVALLI-SIVRICE (ELAZIG) İlksel
2026.09.19,13:05:10,39.2243,28.0957,11.6,,1.7,,KOZLU-SINDIRGI (BALIKESIR) İlksel
2026.09.19,13:13:32,38.4635,39.1817,7.2,,2.3,,DEDEYOLU-SIVRICE (ELAZIG) İlksel
2026.09.19,13:15:41,38.2888,38.5767,16.7,,1.6,,TANISIK-(MALATYA) İlksel
2026.09.19,13:17:44,39.0725,28.3372,22.2,,1.1,,KOBAKLAR-GORDES (MANISA) İlksel
2026.09.19,13:24:04,36.9725,28.4663,5.3,,1.4,,CORUS-ULA (MUGLA) İlksel
2026.09.19,14:57:13,37.7607,36.1043,5.6,,1.9,,AYVACIK-SAIMBEYLI (ADANA) İlksel
2026.09.19,15:50:48,36.6973,25.4627,52.8,,2.1,,EGE DENIZI İlksel
2026.09.19,16:56:33,39.3888,37.0187,5.0,,2.2,,GUMUSPINAR-ULAS (SIVAS) İlksel
2026.09.19,17:11:07,38.7927,26.8805,5.4,,2.1,,CANDARLI KORFEZI (EGE DENIZI) İlksel
2026.09.19,17:53:49,38.2512,38.2200,8.5,,1.3,,KADIRUSAGI-YESILYURT (MALATYA) İlksel
2026.09.19,18:33:18,37.7223,29.3763,3.6,,2.0,,AYDINLAR-HONAZ (DENIZLI) İlksel
2026.09.19,18:37:28,38.7803,26.8578,7.1,,2.0,,CANDARLI KORFEZI (EGE DENIZI) İlksel
2026.09.19,18:48:12,38.7490,26.7913,17.0,,1.4,,CANDARLI KORFEZI (EGE DENIZI) İlksel
2026.09.19,18:54:58,39.1732,28.1382,4.6,,1.4,,SINANDEDE-SINDIRGI (BALIKESIR) İlksel
2026.09.19,19:45:27,37.8753,36.5150,8.0,,1.8,,KUMARLI-(KAHRAMANMARAS) İlksel
2026.09.19,19:50:34,39.1327,28.1560,10.2,,1.6,,AKTAS-SINDIRGI (BALIKESIR) İlksel
2026.09.19,19:55:18,37.9775,36.3253,7.2,,2.2,,KAZANDERE-GOKSUN (KAHRAMANMARAS) İlksel
2026.09.19,20:00:55,38.7888,26.8270,13.9,,2.6,,CANDARLI KORFEZI (EGE DENIZI) İlksel
2026.09.19,20:12:30,38.7867,26.8360,14.1,,2.3,,CANDARLI KORFEZI (EGE DENIZI) İlksel
2026.09.19,20:24:24,38.4837,39.1917,5.0,,2.6,,DEDEYOLU-SIVRICE (ELAZIG) İlksel
2026.09.19,20:40:13,38.7935,26.8578,12.2,,2.8,,CANDARLI KORFEZI (EGE DENIZI) İlksel
2026.09.19,21:10:37,38.3047,38.6660,2.4,,2.6,,KAMISTAS-(MALATYA) İlksel
2026.09.19,21:23:34,38.7992,26.8465,7.4,,2.5,,CANDARLI KORFEZI (EGE DENIZI) İlksel
2026.09.19,21:52:47,36.8397,23.0797,16.8,,2.4,,YUNANISTAN İlksel
2026.09.19,22:13:05,40.7990,31.6308,1.0,,2.5,,CUKUROREN-(BOLU) İlksel
2026.09.19,22:25:07,39.1590,28.2562,10.2,,1.5,,BAYRAKLI-SINDIRGI (BALIKESIR) İlksel
2026.09.19,22:31:57,39.2102,29.0088,15.8,,0.9,,EGIRLER-SIMAV (KUTAHYA) İlksel
2026.09.19,23:17:21,38.5103,39.1585,1.5,,1.5,,DEDEPINARI-(ELAZIG) İlksel
2026.09.19,23:21:30,38.5192,39.1728,5.7,,2.1,,URUNVEREN-(ELAZIG) İlksel
2026.09.19,23:25:59,39.1348,37.8707,5.4,,1.4,,BEKTASKOY-KANGAL (SIVAS) İlksel
2026.09.19,23:35:53,38.7883,26.8410,6.9,,2.0,,CANDARLI KORFEZI (EGE DENIZI) İlksel
2026.09.20,00:18:24,36.1790,28.9212,9.8,,2.8,,AKDENIZ İlksel
2026.09.20,00:20:29,36.1782,35.7980,8.1,,2.4,,KALE-ARSUZ (HATAY) İlksel
2026.09.20,00:27:05,38.7688,26.8757,3.2,,1.4,,CANDARLI KORFEZI (EGE DENIZI) İlksel
2026.09.20,00:39:50,36.8537,34.2795,5.6,,2.6,,SAHNA-ERDEMLI (MERSIN) İlksel
2026.09.20,01:09:56,38.7902,26.8363,6.0,,2.3,,CANDARLI KORFEZI (EGE DENIZI) İlksel
2026.09.20,01:23:12,39.7293,26.3200,12.1,,1.5,,KIZILTEPE-EZINE (CANAKKALE) İlksel
2026.09.20,01:45:02,38.7935,26.8450,4.0,,2.3,,CANDARLI KORFEZI (EGE DENIZI) İlksel
2026.09.20,02:59:52,39.0508,27.7492,5.0,,2.1,,SELVILI-AKHISAR (MANISA) İlksel
2026.09.20,03:02:38,36.5608,28.1007,42.4,,1.5,,AKDENIZ İlksel
2026.09.20,03:11:30,37.4747,37.1710,5.4,,2.2,,DOGANLIKARAHASAN-PAZARCIK (KAHRAMANMARAS) İlksel
2026.09.20,03:55:23,39.1025,28.3297,4.5,,1.0,,YUREGIL-SINDIRGI (BALIKESIR) İlksel
2026.09.20,04:38:13,38.9427,27.2678,6.7,,2.3,,BEKIRLER-BERGAMA (IZMIR) İlksel
2026.09.20,06:15:08,37.9345,27.1428,5.5,,1.4,,KUSADASI KORFEZI (EGE DENIZI) İlksel
2026.09.20,06:19:21,40.7833,27.4958,8.1,,1.3,,YENIKOY ACIKLARI-TEKIRDAG (MARMARA DENIZI) İlksel
2026.09.20,06:51:51,36.1332,27.6817,29.3,,3.2,3.1,RODOS ADASI (AKDENIZ) İlksel
2026.09.20,07:56:22,38.8003,33.1358,12.8,,2.3,,SAGLIK-CIHANBEYLI (KONYA) İlksel
2026.09.20,08:50:32,36.1250,35.9575,8.3,,2.6,,HIDIRBEY-SAMANDAG (HATAY) İlksel
2026.09.20,09:02:38,39.6828,24.3738,16.7,,2.0,,EGE DENIZI İlksel
2026.09.20,09:32:48,39.9973,24.2935,16.7,,2.1,,YUNANISTAN İlksel
2026.09.20,09:46:41,39.0227,29.7043,5.2,,1.7,,CUKUROREN-GEDIZ (KUTAHYA) İlksel
2026.09.20,10:01:06,38.3870,38.7585,16.0,,1.8,,SALKIMLI-KALE (MALATYA) İlksel
2026.09.20,10:24:38,35.4190,22.8598,20.3,,2.9,,GIRIT ADASI (AKDENIZ) İlksel
2026.09.20,10:31:04,39.1962,28.1787,12.5,,1.4,,YAYLACIK-SINDIRGI (BALIKESIR) İlksel
2026.09.20,10:38:04,36.9682,28.4752,20.0,,0.9,,CORUS-ULA (MUGLA) İlksel
2026.09.20,10:53:57,36.9495,27.5868,20.2,,1.9,,GOKOVA KORFEZI (EGE DENIZI) İlksel
2026.09.20,11:58:39,38.4682,39.0190,5.0,,2.1,,SAKABASI-(ELAZIG) İlksel
2026.09.20,11:59:28,38.4540,39.0462,12.3,,2.2,,KULLUK-(ELAZIG) İlksel
2026.09.20,12:10:47,39.4053,27.8847,12.3,,1.5,,YESILLER-(BALIKESIR) İlksel
2026.09.20,13:20:51,40.1698,31.7400,12.5,,1.9,,HIRKATEPE-BEYPAZARI (ANKARA) İlksel
2026.09.20,14:07:58,35.8308,27.5593,9.4,,1.8,,EGE DENIZI İlksel
2026.09.20,14:37:27,35.4128,27.2972,19.8,,2.3,,AKDENIZ İlksel
2026.09.20,14:58:26,40.4602,35.5523,24.3,,1.7,,SARKLI-GOYNUCEK (AMASYA) İlksel
2026.09.20,15:02:25,38.8325,42.4695,5.0,,2.1,,YUVADAMI-AHLAT (BITLIS) İlksel
2026.09.20,15:10:21,37.7350,36.3630,26.0,,1.7,,COKAK-ANDIRIN (KAHRAMANMARAS) İlksel
2026.09.20,16:04:17,38.3708,38.8667,17.0,,1.8,,YENIDAMLAR-KALE (MALATYA) İlksel
2026.09.20,16:48:04,38.8247,42.4592,9.1,,2.2,,YUVADAMI-AHLAT (BITLIS) İlksel
2026.09.20,18:18:27,37.9222,27.1418,6.3,,2.4,,KUSADASI KORFEZI (EGE DENIZI) İlksel
2026.09.20,18:56:58,37.0325,28.7070,5.1,,1.9,,YESILKOY-KOYCEGIZ (MUGLA) İlksel
2026.09.20,19:04:57,39.2248,28.1042,6.7,,1.5,,BAYIRLI-SINDIRGI (BALIKESIR) İlksel
2026.09.20,19:08:31,37.0630,28.8810,4.9,,1.8,,OTMANLAR-KOYCEGIZ (MUGLA) İlksel
2026.09.20,19:21:43,38.6120,37.7760,5.0,,2.2,,BARINDIR-DARENDE (MALATYA) İlksel
2026.09.20,20:09:38,38.6828,26.4618,12.7,,1.1,,TEPEBOZ-KARABURUN (IZMIR) İlksel
2026.09.20,20:24:37,36.6112,36.5198,4.6,,1.5,,CAMUZKISLASI-KIRIKHAN (HATAY) İlksel
2026.09.20,21:02:09,36.1958,34.0230,12.2,,1.2,,SILIFKE ACIKLARI-MERSIN (AKDENIZ) İlksel
2026.09.20,21:05:59,39.0105,41.9745,5.0,,2.1,,OLURDERE-BULANIK (MUS) İlksel
2026.09.20,21:34:33,39.0167,41.9645,5.0,,2.4,,OKCULAR-BULANIK (MUS) İlksel
2026.09.20,21:56:30,39.5437,26.1233,17.2,,1.0,,GULPINAR-AYVACIK (CANAKKALE) İlksel
2026.09.20,22:54:30,37.9645,27.6590,15.1,,1.1,,MESELI-GERMENCIK (AYDIN) İlksel
2026.09.20,23:03:30,39.3677,28.0428,5.0,,1.7,,CEKIRDEKLI-BIGADIC (BALIKESIR) İlksel
2026.09.20,23:21:59,38.1387,38.5593,4.4,,1.5,,GECITLI-SINCIK (ADIYAMAN) İlksel
2026.09.20,23:23:50,36.8393,26.4607,17.6,,2.5,,EGE DENIZI İlksel
2026.09.20,23:33:45,38.5312,40.2312,14.4,,1.8,,KARAKAS-ARICAK (ELAZIG) İlksel
2026.09.21,00:10:34,36.9972,29.0068,5.0,,1.2,,KARACAM-KOYCEGIZ (MUGLA) İlksel
2026.09.21,00:25:45,37.8877,35.2107,4.8,,1.6,,PINARBASI-CAMARDI (NIGDE) İlksel
2026.09.21,01:02:41,39.0095,27.0688,7.5,,2.1,,YENIKENT-BERGAMA (IZMIR) İlksel
2026.09.21,01:22:55,39.6650,27.1185,17.3,,1.8,,HACIASLANLAR-EDREMIT (BALIKESIR) İlksel
2026.09.21,01:41:57,35.2538,26.5397,5.0,,3.2,,GIRIT ADASI (AKDENIZ) İlksel
2026.09.21,01:43:43,37.7830,35.1788,10.5,,1.4,,DEMIRKAZIK-CAMARDI (NIGDE) İlksel
2026.09.21,01:45:08,36.9383,27.8087,4.6,,1.1,,GOKOVA KORFEZI (EGE DENIZI) İlksel
2026.09.21,01:57:11,38.8528,25.4863,7.1,,1.6,,EGE DENIZI İlksel
2026.09.21,02:37:32,34.6688,32.5332,15.5,,2.4,,AKDENIZ İlksel
